Program Name,Program Arthur,Program Description,Program Length,Program Level,Program Equipment,Days Per Week,Mesocycle Name,Mesocycle Description,Mesocycle Order,Microcycle Name,Microcycle Description,Microcycle Order,Workout Name,Workout Day,Workout Note,Superset,Exercise Name,Exercise Description,Sets,Set Type,Target Repetitions,Target Min Repetitions,Target Max Repetitions,Target Weight (lbs),Target Weight (kg),Weight Increment (lbs),Weight Increment (kg),Target RPE,Target RIR,Percentage of 1RM,Progression Scheme ID,Advanced Exercise Sets
Booty-ful Beginnings,,12-week program for beginners.,12 weeks,Beginner,"Barbell, Dumbbell, Bodyweight, Cable, Kettlebell, Bands, Swiss Ball",3,Weeks 1-4,,1,Week 1,,1,Workout A,1,,A1,Bodyweight glute bridge,,3,Normal,10,10,20,,,,,,,,,
Booty-ful Beginnings,,12-week program for beginners.,12 weeks,Beginner,"Barbell, Dumbbell, Bodyweight, Cable, Kettlebell, Bands, Swiss Ball",3,Weeks 1-4,,1,Week 1,,1,Workout A,1,,A2,One arm dumbbell row,,3,Normal,8,8,12,,,,,,,,,
Booty-ful Beginnings,,12-week program for beginners.,12 weeks,Beginner,"Barbell, Dumbbell, Bodyweight, Cable, Kettlebell, Bands, Swiss Ball",3,Weeks 1-4,,1,Week 1,,1,Workout A,1,,B1,Bodyweight box squat,,3,Normal,10,10,20,,,,,,,,,
Booty-ful Beginnings,,12-week program for beginners.,12 weeks,Beginner,"Barbell, Dumbbell, Bodyweight, Cable, Kettlebell, Bands, Swiss Ball",3,Weeks 1-4,,1,Week 1,,1,Workout A,1,,B2,Barbell bench press,,3,Normal,8,8,12,,,,,,,,,
Booty-ful Beginnings,,12-week program for beginners.,12 weeks,Beginner,"Barbell, Dumbbell, Bodyweight, Cable, Kettlebell, Bands, Swiss Ball",3,Weeks 1-4,,1,Week 1,,1,Workout A,1,,,Dumbbell Romanian deadlift,,3,Normal,10,10,20,,,,,,,,,
Booty-ful Beginnings,,12-week program for beginners.,12 weeks,Beginner,"Barbell, Dumbbell, Bodyweight, Cable, Kettlebell, Bands, Swiss Ball",3,Weeks 1-4,,1,Week 1,,1,Workout A,1,,,Side lying abduction,,1,Normal,15,15,30,,,,,,,,,
Booty-ful Beginnings,,12-week program for beginners.,12 weeks,Beginner,"Barbell, Dumbbell, Bodyweight, Cable, Kettlebell, Bands, Swiss Ball",3,Weeks 1-4,,1,Week 1,,1,Workout A,1,,,Front plank,,1,Normal,20,20,120,,,,,,,,,
Booty-ful Beginnings,,12-week program for beginners.,12 weeks,Beginner,"Barbell, Dumbbell, Bodyweight, Cable, Kettlebell, Bands, Swiss Ball",3,Weeks 1-4,,1,Week 1,,1,Workout A,1,,,Side plank from knees,,1,Normal,20,20,60,,,,,,,,,
Booty-ful Beginnings,,12-week program for beginners.,12 weeks,Beginner,"Barbell, Dumbbell, Bodyweight, Cable, Kettlebell, Bands, Swiss Ball",3,Weeks 1-4,,1,Week 1,,1,Workout B,2,,A1,Bodyweight foot elevated single-leg glute bridge,,3,Normal,10,10,20,,,,,,,,,
Booty-ful Beginnings,,12-week program for beginners.,12 weeks,Beginner,"Barbell, Dumbbell, Bodyweight, Cable, Kettlebell, Bands, Swiss Ball",3,Weeks 1-4,,1,Week 1,,1,Workout B,2,,A2,Front lat pulldown,,3,Normal,8,8,12,,,,,,,,,
Booty-ful Beginnings,,12-week program for beginners.,12 weeks,Beginner,"Barbell, Dumbbell, Bodyweight, Cable, Kettlebell, Bands, Swiss Ball",3,Weeks 1-4,,1,Week 1,,1,Workout B,2,,B1,Bodyweight step up,,3,Normal,10,10,20,,,,,,,,,
Booty-ful Beginnings,,12-week program for beginners.,12 weeks,Beginner,"Barbell, Dumbbell, Bodyweight, Cable, Kettlebell, Bands, Swiss Ball",3,Weeks 1-4,,1,Week 1,,1,Workout B,2,,B2,Dumbbell military press,,3,Normal,8,8,12,,,,,,,,,
Booty-ful Beginnings,,12-week program for beginners.,12 weeks,Beginner,"Barbell, Dumbbell, Bodyweight, Cable, Kettlebell, Bands, Swiss Ball",3,Weeks 1-4,,1,Week 1,,1,Workout B,2,,,Bodyweight 45-degree back ext.,,3,Normal,10,10,20,,,,,,,,,
Booty-ful Beginnings,,12-week program for beginners.,12 weeks,Beginner,"Barbell, Dumbbell, Bodyweight, Cable, Kettlebell, Bands, Swiss Ball",3,Weeks 1-4,,1,Week 1,,1,Workout B,2,,,Side lying clam,,1,Normal,15,15,30,,,,,,,,,
Booty-ful Beginnings,,12-week program for beginners.,12 weeks,Beginner,"Barbell, Dumbbell, Bodyweight, Cable, Kettlebell, Bands, Swiss Ball",3,Weeks 1-4,,1,Week 1,,1,Workout B,2,,,Crunch,,1,Normal,15,15,30,,,,,,,,,
Booty-ful Beginnings,,12-week program for beginners.,12 weeks,Beginner,"Barbell, Dumbbell, Bodyweight, Cable, Kettlebell, Bands, Swiss Ball",3,Weeks 1-4,,1,Week 1,,1,Workout B,2,,,Side crunch,,1,Normal,15,15,30,,,,,,,,,
Booty-ful Beginnings,,12-week program for beginners.,12 weeks,Beginner,"Barbell, Dumbbell, Bodyweight, Cable, Kettlebell, Bands, Swiss Ball",3,Weeks 1-4,,1,Week 1,,1,Workout C,3,,A1,Glute march,,3,Normal,60,60,,,,,,,,,,
Booty-ful Beginnings,,12-week program for beginners.,12 weeks,Beginner,"Barbell, Dumbbell, Bodyweight, Cable, Kettlebell, Bands, Swiss Ball",3,Weeks 1-4,,1,Week 1,,1,Workout C,3,,A2,Seated row,,3,Normal,8,8,12,,,,,,,,,
Booty-ful Beginnings,,12-week program for beginners.,12 weeks,Beginner,"Barbell, Dumbbell, Bodyweight, Cable, Kettlebell, Bands, Swiss Ball",3,Weeks 1-4,,1,Week 1,,1,Workout C,3,,B1,Bodyweight parallel squat,,3,Normal,10,10,20,,,,,,,,,
Booty-ful Beginnings,,12-week program for beginners.,12 weeks,Beginner,"Barbell, Dumbbell, Bodyweight, Cable, Kettlebell, Bands, Swiss Ball",3,Weeks 1-4,,1,Week 1,,1,Workout C,3,,B2,Dumbbell incline press,,3,Normal,8,8,12,,,,,,,,,
Booty-ful Beginnings,,12-week program for beginners.,12 weeks,Beginner,"Barbell, Dumbbell, Bodyweight, Cable, Kettlebell, Bands, Swiss Ball",3,Weeks 1-4,,1,Week 1,,1,Workout C,3,,,Bodyweight single-leg RDL,,3,Normal,10,10,20,,,,,,,,,
Booty-ful Beginnings,,12-week program for beginners.,12 weeks,Beginner,"Barbell, Dumbbell, Bodyweight, Cable, Kettlebell, Bands, Swiss Ball",3,Weeks 1-4,,1,Week 1,,1,Workout C,3,,,X-band walk (light tension),,1,Normal,10,10,20,,,,,,,,,
Booty-ful Beginnings,,12-week program for beginners.,12 weeks,Beginner,"Barbell, Dumbbell, Bodyweight, Cable, Kettlebell, Bands, Swiss Ball",3,Weeks 1-4,,1,Week 1,,1,Workout C,3,,,RKC plank,,1,Normal,10,10,30,,,,,,,,,
Booty-ful Beginnings,,12-week program for beginners.,12 weeks,Beginner,"Barbell, Dumbbell, Bodyweight, Cable, Kettlebell, Bands, Swiss Ball",3,Weeks 1-4,,1,Week 1,,1,Workout C,3,,,Rope horizontal chop,,1,Normal,10,10,10,,,,,,,,,
Booty-ful Beginnings,,12-week program for beginners.,12 weeks,Beginner,"Barbell, Dumbbell, Bodyweight, Cable, Kettlebell, Bands, Swiss Ball",3,Weeks 1-4,,1,Week 2,,2,Workout A,1,,A1,Bodyweight glute bridge,,3,Normal,10,10,20,,,,,,,,,
Booty-ful Beginnings,,12-week program for beginners.,12 weeks,Beginner,"Barbell, Dumbbell, Bodyweight, Cable, Kettlebell, Bands, Swiss Ball",3,Weeks 1-4,,1,Week 2,,2,Workout A,1,,A2,One arm dumbbell row,,3,Normal,8,8,12,,,,,,,,,
Booty-ful Beginnings,,12-week program for beginners.,12 weeks,Beginner,"Barbell, Dumbbell, Bodyweight, Cable, Kettlebell, Bands, Swiss Ball",3,Weeks 1-4,,1,Week 2,,2,Workout A,1,,B1,Bodyweight box squat,,3,Normal,10,10,20,,,,,,,,,
Booty-ful Beginnings,,12-week program for beginners.,12 weeks,Beginner,"Barbell, Dumbbell, Bodyweight, Cable, Kettlebell, Bands, Swiss Ball",3,Weeks 1-4,,1,Week 2,,2,Workout A,1,,B2,Barbell bench press,,3,Normal,8,8,12,,,,,,,,,
Booty-ful Beginnings,,12-week program for beginners.,12 weeks,Beginner,"Barbell, Dumbbell, Bodyweight, Cable, Kettlebell, Bands, Swiss Ball",3,Weeks 1-4,,1,Week 2,,2,Workout A,1,,,Dumbbell Romanian deadlift,,3,Normal,10,10,20,,,,,,,,,
Booty-ful Beginnings,,12-week program for beginners.,12 weeks,Beginner,"Barbell, Dumbbell, Bodyweight, Cable, Kettlebell, Bands, Swiss Ball",3,Weeks 1-4,,1,Week 2,,2,Workout A,1,,,Side lying abduction,,1,Normal,15,15,30,,,,,,,,,
Booty-ful Beginnings,,12-week program for beginners.,12 weeks,Beginner,"Barbell, Dumbbell, Bodyweight, Cable, Kettlebell, Bands, Swiss Ball",3,Weeks 1-4,,1,Week 2,,2,Workout A,1,,,Front plank,,1,Normal,20,20,120,,,,,,,,,
Booty-ful Beginnings,,12-week program for beginners.,12 weeks,Beginner,"Barbell, Dumbbell, Bodyweight, Cable, Kettlebell, Bands, Swiss Ball",3,Weeks 1-4,,1,Week 2,,2,Workout A,1,,,Side plank from knees,,1,Normal,20,20,60,,,,,,,,,
Booty-ful Beginnings,,12-week program for beginners.,12 weeks,Beginner,"Barbell, Dumbbell, Bodyweight, Cable, Kettlebell, Bands, Swiss Ball",3,Weeks 1-4,,1,Week 2,,2,Workout B,2,,A1,Bodyweight foot elevated single-leg glute bridge,,3,Normal,10,10,20,,,,,,,,,
Booty-ful Beginnings,,12-week program for beginners.,12 weeks,Beginner,"Barbell, Dumbbell, Bodyweight, Cable, Kettlebell, Bands, Swiss Ball",3,Weeks 1-4,,1,Week 2,,2,Workout B,2,,A2,Front lat pulldown,,3,Normal,8,8,12,,,,,,,,,
Booty-ful Beginnings,,12-week program for beginners.,12 weeks,Beginner,"Barbell, Dumbbell, Bodyweight, Cable, Kettlebell, Bands, Swiss Ball",3,Weeks 1-4,,1,Week 2,,2,Workout B,2,,B1,Bodyweight step up,,3,Normal,10,10,20,,,,,,,,,
Booty-ful Beginnings,,12-week program for beginners.,12 weeks,Beginner,"Barbell, Dumbbell, Bodyweight, Cable, Kettlebell, Bands, Swiss Ball",3,Weeks 1-4,,1,Week 2,,2,Workout B,2,,B2,Dumbbell military press,,3,Normal,8,8,12,,,,,,,,,
Booty-ful Beginnings,,12-week program for beginners.,12 weeks,Beginner,"Barbell, Dumbbell, Bodyweight, Cable, Kettlebell, Bands, Swiss Ball",3,Weeks 1-4,,1,Week 2,,2,Workout B,2,,,Bodyweight 45-degree back ext.,,3,Normal,10,10,20,,,,,,,,,
Booty-ful Beginnings,,12-week program for beginners.,12 weeks,Beginner,"Barbell, Dumbbell, Bodyweight, Cable, Kettlebell, Bands, Swiss Ball",3,Weeks 1-4,,1,Week 2,,2,Workout B,2,,,Side lying clam,,1,Normal,15,15,30,,,,,,,,,
Booty-ful Beginnings,,12-week program for beginners.,12 weeks,Beginner,"Barbell, Dumbbell, Bodyweight, Cable, Kettlebell, Bands, Swiss Ball",3,Weeks 1-4,,1,Week 2,,2,Workout B,2,,,Crunch,,1,Normal,15,15,30,,,,,,,,,
Booty-ful Beginnings,,12-week program for beginners.,12 weeks,Beginner,"Barbell, Dumbbell, Bodyweight, Cable, Kettlebell, Bands, Swiss Ball",3,Weeks 1-4,,1,Week 2,,2,Workout B,2,,,Side crunch,,1,Normal,15,15,30,,,,,,,,,
Booty-ful Beginnings,,12-week program for beginners.,12 weeks,Beginner,"Barbell, Dumbbell, Bodyweight, Cable, Kettlebell, Bands, Swiss Ball",3,Weeks 1-4,,1,Week 2,,2,Workout C,3,,A1,Glute march,,3,Normal,60,60,,,,,,,,,,
Booty-ful Beginnings,,12-week program for beginners.,12 weeks,Beginner,"Barbell, Dumbbell, Bodyweight, Cable, Kettlebell, Bands, Swiss Ball",3,Weeks 1-4,,1,Week 2,,2,Workout C,3,,A2,Seated row,,3,Normal,8,8,12,,,,,,,,,
Booty-ful Beginnings,,12-week program for beginners.,12 weeks,Beginner,"Barbell, Dumbbell, Bodyweight, Cable, Kettlebell, Bands, Swiss Ball",3,Weeks 1-4,,1,Week 2,,2,Workout C,3,,B1,Bodyweight parallel squat,,3,Normal,10,10,20,,,,,,,,,
Booty-ful Beginnings,,12-week program for beginners.,12 weeks,Beginner,"Barbell, Dumbbell, Bodyweight, Cable, Kettlebell, Bands, Swiss Ball",3,Weeks 1-4,,1,Week 2,,2,Workout C,3,,B2,Dumbbell incline press,,3,Normal,8,8,12,,,,,,,,,
Booty-ful Beginnings,,12-week program for beginners.,12 weeks,Beginner,"Barbell, Dumbbell, Bodyweight, Cable, Kettlebell, Bands, Swiss Ball",3,Weeks 1-4,,1,Week 2,,2,Workout C,3,,,Bodyweight single-leg RDL,,3,Normal,10,10,20,,,,,,,,,
Booty-ful Beginnings,,12-week program for beginners.,12 weeks,Beginner,"Barbell, Dumbbell, Bodyweight, Cable, Kettlebell, Bands, Swiss Ball",3,Weeks 1-4,,1,Week 2,,2,Workout C,3,,,X-band walk (light tension),,1,Normal,10,10,20,,,,,,,,,
Booty-ful Beginnings,,12-week program for beginners.,12 weeks,Beginner,"Barbell, Dumbbell, Bodyweight, Cable, Kettlebell, Bands, Swiss Ball",3,Weeks 1-4,,1,Week 2,,2,Workout C,3,,,RKC plank,,1,Normal,10,10,30,,,,,,,,,
Booty-ful Beginnings,,12-week program for beginners.,12 weeks,Beginner,"Barbell, Dumbbell, Bodyweight, Cable, Kettlebell, Bands, Swiss Ball",3,Weeks 1-4,,1,Week 2,,2,Workout C,3,,,Rope horizontal chop,,1,Normal,10,10,10,,,,,,,,,
Booty-ful Beginnings,,12-week program for beginners.,12 weeks,Beginner,"Barbell, Dumbbell, Bodyweight, Cable, Kettlebell, Bands, Swiss Ball",3,Weeks 1-4,,1,Week 3,,3,Workout A,1,,A1,Bodyweight glute bridge,,3,Normal,10,10,20,,,,,,,,,
Booty-ful Beginnings,,12-week program for beginners.,12 weeks,Beginner,"Barbell, Dumbbell, Bodyweight, Cable, Kettlebell, Bands, Swiss Ball",3,Weeks 1-4,,1,Week 3,,3,Workout A,1,,A2,One arm dumbbell row,,3,Normal,8,8,12,,,,,,,,,
Booty-ful Beginnings,,12-week program for beginners.,12 weeks,Beginner,"Barbell, Dumbbell, Bodyweight, Cable, Kettlebell, Bands, Swiss Ball",3,Weeks 1-4,,1,Week 3,,3,Workout A,1,,B1,Bodyweight box squat,,3,Normal,10,10,20,,,,,,,,,
Booty-ful Beginnings,,12-week program for beginners.,12 weeks,Beginner,"Barbell, Dumbbell, Bodyweight, Cable, Kettlebell, Bands, Swiss Ball",3,Weeks 1-4,,1,Week 3,,3,Workout A,1,,B2,Barbell bench press,,3,Normal,8,8,12,,,,,,,,,
Booty-ful Beginnings,,12-week program for beginners.,12 weeks,Beginner,"Barbell, Dumbbell, Bodyweight, Cable, Kettlebell, Bands, Swiss Ball",3,Weeks 1-4,,1,Week 3,,3,Workout A,1,,,Dumbbell Romanian deadlift,,3,Normal,10,10,20,,,,,,,,,
Booty-ful Beginnings,,12-week program for beginners.,12 weeks,Beginner,"Barbell, Dumbbell, Bodyweight, Cable, Kettlebell, Bands, Swiss Ball",3,Weeks 1-4,,1,Week 3,,3,Workout A,1,,,Side lying abduction,,1,Normal,15,15,30,,,,,,,,,
Booty-ful Beginnings,,12-week program for beginners.,12 weeks,Beginner,"Barbell, Dumbbell, Bodyweight, Cable, Kettlebell, Bands, Swiss Ball",3,Weeks 1-4,,1,Week 3,,3,Workout A,1,,,Front plank,,1,Normal,20,20,120,,,,,,,,,
Booty-ful Beginnings,,12-week program for beginners.,12 weeks,Beginner,"Barbell, Dumbbell, Bodyweight, Cable, Kettlebell, Bands, Swiss Ball",3,Weeks 1-4,,1,Week 3,,3,Workout A,1,,,Side plank from knees,,1,Normal,20,20,60,,,,,,,,,
Booty-ful Beginnings,,12-week program for beginners.,12 weeks,Beginner,"Barbell, Dumbbell, Bodyweight, Cable, Kettlebell, Bands, Swiss Ball",3,Weeks 1-4,,1,Week 3,,3,Workout B,2,,A1,Bodyweight foot elevated single-leg glute bridge,,3,Normal,10,10,20,,,,,,,,,
Booty-ful Beginnings,,12-week program for beginners.,12 weeks,Beginner,"Barbell, Dumbbell, Bodyweight, Cable, Kettlebell, Bands, Swiss Ball",3,Weeks 1-4,,1,Week 3,,3,Workout B,2,,A2,Front lat pulldown,,3,Normal,8,8,12,,,,,,,,,
Booty-ful Beginnings,,12-week program for beginners.,12 weeks,Beginner,"Barbell, Dumbbell, Bodyweight, Cable, Kettlebell, Bands, Swiss Ball",3,Weeks 1-4,,1,Week 3,,3,Workout B,2,,B1,Bodyweight step up,,3,Normal,10,10,20,,,,,,,,,
Booty-ful Beginnings,,12-week program for beginners.,12 weeks,Beginner,"Barbell, Dumbbell, Bodyweight, Cable, Kettlebell, Bands, Swiss Ball",3,Weeks 1-4,,1,Week 3,,3,Workout B,2,,B2,Dumbbell military press,,3,Normal,8,8,12,,,,,,,,,
Booty-ful Beginnings,,12-week program for beginners.,12 weeks,Beginner,"Barbell, Dumbbell, Bodyweight, Cable, Kettlebell, Bands, Swiss Ball",3,Weeks 1-4,,1,Week 3,,3,Workout B,2,,,Bodyweight 45-degree back ext.,,3,Normal,10,10,20,,,,,,,,,
Booty-ful Beginnings,,12-week program for beginners.,12 weeks,Beginner,"Barbell, Dumbbell, Bodyweight, Cable, Kettlebell, Bands, Swiss Ball",3,Weeks 1-4,,1,Week 3,,3,Workout B,2,,,Side lying clam,,1,Normal,15,15,30,,,,,,,,,
Booty-ful Beginnings,,12-week program for beginners.,12 weeks,Beginner,"Barbell, Dumbbell, Bodyweight, Cable, Kettlebell, Bands, Swiss Ball",3,Weeks 1-4,,1,Week 3,,3,Workout B,2,,,Crunch,,1,Normal,15,15,30,,,,,,,,,
Booty-ful Beginnings,,12-week program for beginners.,12 weeks,Beginner,"Barbell, Dumbbell, Bodyweight, Cable, Kettlebell, Bands, Swiss Ball",3,Weeks 1-4,,1,Week 3,,3,Workout B,2,,,Side crunch,,1,Normal,15,15,30,,,,,,,,,
Booty-ful Beginnings,,12-week program for beginners.,12 weeks,Beginner,"Barbell, Dumbbell, Bodyweight, Cable, Kettlebell, Bands, Swiss Ball",3,Weeks 1-4,,1,Week 3,,3,Workout C,3,,A1,Glute march,,3,Normal,60,60,,,,,,,,,,
Booty-ful Beginnings,,12-week program for beginners.,12 weeks,Beginner,"Barbell, Dumbbell, Bodyweight, Cable, Kettlebell, Bands, Swiss Ball",3,Weeks 1-4,,1,Week 3,,3,Workout C,3,,A2,Seated row,,3,Normal,8,8,12,,,,,,,,,
Booty-ful Beginnings,,12-week program for beginners.,12 weeks,Beginner,"Barbell, Dumbbell, Bodyweight, Cable, Kettlebell, Bands, Swiss Ball",3,Weeks 1-4,,1,Week 3,,3,Workout C,3,,B1,Bodyweight parallel squat,,3,Normal,10,10,20,,,,,,,,,
Booty-ful Beginnings,,12-week program for beginners.,12 weeks,Beginner,"Barbell, Dumbbell, Bodyweight, Cable, Kettlebell, Bands, Swiss Ball",3,Weeks 1-4,,1,Week 3,,3,Workout C,3,,B2,Dumbbell incline press,,3,Normal,8,8,12,,,,,,,,,
Booty-ful Beginnings,,12-week program for beginners.,12 weeks,Beginner,"Barbell, Dumbbell, Bodyweight, Cable, Kettlebell, Bands, Swiss Ball",3,Weeks 1-4,,1,Week 3,,3,Workout C,3,,,Bodyweight single-leg RDL,,3,Normal,10,10,20,,,,,,,,,
Booty-ful Beginnings,,12-week program for beginners.,12 weeks,Beginner,"Barbell, Dumbbell, Bodyweight, Cable, Kettlebell, Bands, Swiss Ball",3,Weeks 1-4,,1,Week 3,,3,Workout C,3,,,X-band walk (light tension),,1,Normal,10,10,20,,,,,,,,,
Booty-ful Beginnings,,12-week program for beginners.,12 weeks,Beginner,"Barbell, Dumbbell, Bodyweight, Cable, Kettlebell, Bands, Swiss Ball",3,Weeks 1-4,,1,Week 3,,3,Workout C,3,,,RKC plank,,1,Normal,10,10,30,,,,,,,,,
Booty-ful Beginnings,,12-week program for beginners.,12 weeks,Beginner,"Barbell, Dumbbell, Bodyweight, Cable, Kettlebell, Bands, Swiss Ball",3,Weeks 1-4,,1,Week 3,,3,Workout C,3,,,Rope horizontal chop,,1,Normal,10,10,10,,,,,,,,,
Booty-ful Beginnings,,12-week program for beginners.,12 weeks,Beginner,"Barbell, Dumbbell, Bodyweight, Cable, Kettlebell, Bands, Swiss Ball",3,Weeks 1-4,,1,Week 4,,4,Workout A,1,,A1,Bodyweight glute bridge,,3,Normal,10,10,20,,,,,,,,,
Booty-ful Beginnings,,12-week program for beginners.,12 weeks,Beginner,"Barbell, Dumbbell, Bodyweight, Cable, Kettlebell, Bands, Swiss Ball",3,Weeks 1-4,,1,Week 4,,4,Workout A,1,,A2,One arm dumbbell row,,3,Normal,8,8,12,,,,,,,,,
Booty-ful Beginnings,,12-week program for beginners.,12 weeks,Beginner,"Barbell, Dumbbell, Bodyweight, Cable, Kettlebell, Bands, Swiss Ball",3,Weeks 1-4,,1,Week 4,,4,Workout A,1,,B1,Bodyweight box squat,,3,Normal,10,10,20,,,,,,,,,
Booty-ful Beginnings,,12-week program for beginners.,12 weeks,Beginner,"Barbell, Dumbbell, Bodyweight, Cable, Kettlebell, Bands, Swiss Ball",3,Weeks 1-4,,1,Week 4,,4,Workout A,1,,B2,Barbell bench press,,3,Normal,8,8,12,,,,,,,,,
Booty-ful Beginnings,,12-week program for beginners.,12 weeks,Beginner,"Barbell, Dumbbell, Bodyweight, Cable, Kettlebell, Bands, Swiss Ball",3,Weeks 1-4,,1,Week 4,,4,Workout A,1,,,Dumbbell Romanian deadlift,,3,Normal,10,10,20,,,,,,,,,
Booty-ful Beginnings,,12-week program for beginners.,12 weeks,Beginner,"Barbell, Dumbbell, Bodyweight, Cable, Kettlebell, Bands, Swiss Ball",3,Weeks 1-4,,1,Week 4,,4,Workout A,1,,,Side lying abduction,,1,Normal,15,15,30,,,,,,,,,
Booty-ful Beginnings,,12-week program for beginners.,12 weeks,Beginner,"Barbell, Dumbbell, Bodyweight, Cable, Kettlebell, Bands, Swiss Ball",3,Weeks 1-4,,1,Week 4,,4,Workout A,1,,,Front plank,,1,Normal,20,20,120,,,,,,,,,
Booty-ful Beginnings,,12-week program for beginners.,12 weeks,Beginner,"Barbell, Dumbbell, Bodyweight, Cable, Kettlebell, Bands, Swiss Ball",3,Weeks 1-4,,1,Week 4,,4,Workout A,1,,,Side plank from knees,,1,Normal,20,20,60,,,,,,,,,
Booty-ful Beginnings,,12-week program for beginners.,12 weeks,Beginner,"Barbell, Dumbbell, Bodyweight, Cable, Kettlebell, Bands, Swiss Ball",3,Weeks 1-4,,1,Week 4,,4,Workout B,2,,A1,Bodyweight foot elevated single-leg glute bridge,,3,Normal,10,10,20,,,,,,,,,
Booty-ful Beginnings,,12-week program for beginners.,12 weeks,Beginner,"Barbell, Dumbbell, Bodyweight, Cable, Kettlebell, Bands, Swiss Ball",3,Weeks 1-4,,1,Week 4,,4,Workout B,2,,A2,Front lat pulldown,,3,Normal,8,8,12,,,,,,,,,
Booty-ful Beginnings,,12-week program for beginners.,12 weeks,Beginner,"Barbell, Dumbbell, Bodyweight, Cable, Kettlebell, Bands, Swiss Ball",3,Weeks 1-4,,1,Week 4,,4,Workout B,2,,B1,Bodyweight step up,,3,Normal,10,10,20,,,,,,,,,
Booty-ful Beginnings,,12-week program for beginners.,12 weeks,Beginner,"Barbell, Dumbbell, Bodyweight, Cable, Kettlebell, Bands, Swiss Ball",3,Weeks 1-4,,1,Week 4,,4,Workout B,2,,B2,Dumbbell military press,,3,Normal,8,8,12,,,,,,,,,
Booty-ful Beginnings,,12-week program for beginners.,12 weeks,Beginner,"Barbell, Dumbbell, Bodyweight, Cable, Kettlebell, Bands, Swiss Ball",3,Weeks 1-4,,1,Week 4,,4,Workout B,2,,,Bodyweight 45-degree back ext.,,3,Normal,10,10,20,,,,,,,,,
Booty-ful Beginnings,,12-week program for beginners.,12 weeks,Beginner,"Barbell, Dumbbell, Bodyweight, Cable, Kettlebell, Bands, Swiss Ball",3,Weeks 1-4,,1,Week 4,,4,Workout B,2,,,Side lying clam,,1,Normal,15,15,30,,,,,,,,,
Booty-ful Beginnings,,12-week program for beginners.,12 weeks,Beginner,"Barbell, Dumbbell, Bodyweight, Cable, Kettlebell, Bands, Swiss Ball",3,Weeks 1-4,,1,Week 4,,4,Workout B,2,,,Crunch,,1,Normal,15,15,30,,,,,,,,,
Booty-ful Beginnings,,12-week program for beginners.,12 weeks,Beginner,"Barbell, Dumbbell, Bodyweight, Cable, Kettlebell, Bands, Swiss Ball",3,Weeks 1-4,,1,Week 4,,4,Workout B,2,,,Side crunch,,1,Normal,15,15,30,,,,,,,,,
Booty-ful Beginnings,,12-week program for beginners.,12 weeks,Beginner,"Barbell, Dumbbell, Bodyweight, Cable, Kettlebell, Bands, Swiss Ball",3,Weeks 1-4,,1,Week 4,,4,Workout C,3,,A1,Glute march,,3,Normal,60,60,,,,,,,,,,
Booty-ful Beginnings,,12-week program for beginners.,12 weeks,Beginner,"Barbell, Dumbbell, Bodyweight, Cable, Kettlebell, Bands, Swiss Ball",3,Weeks 1-4,,1,Week 4,,4,Workout C,3,,A2,Seated row,,3,Normal,8,8,12,,,,,,,,,
Booty-ful Beginnings,,12-week program for beginners.,12 weeks,Beginner,"Barbell, Dumbbell, Bodyweight, Cable, Kettlebell, Bands, Swiss Ball",3,Weeks 1-4,,1,Week 4,,4,Workout C,3,,B1,Bodyweight parallel squat,,3,Normal,10,10,20,,,,,,,,,
Booty-ful Beginnings,,12-week program for beginners.,12 weeks,Beginner,"Barbell, Dumbbell, Bodyweight, Cable, Kettlebell, Bands, Swiss Ball",3,Weeks 1-4,,1,Week 4,,4,Workout C,3,,B2,Dumbbell incline press,,3,Normal,8,8,12,,,,,,,,,
Booty-ful Beginnings,,12-week program for beginners.,12 weeks,Beginner,"Barbell, Dumbbell, Bodyweight, Cable, Kettlebell, Bands, Swiss Ball",3,Weeks 1-4,,1,Week 4,,4,Workout C,3,,,Bodyweight single-leg RDL,,3,Normal,10,10,20,,,,,,,,,
Booty-ful Beginnings,,12-week program for beginners.,12 weeks,Beginner,"Barbell, Dumbbell, Bodyweight, Cable, Kettlebell, Bands, Swiss Ball",3,Weeks 1-4,,1,Week 4,,4,Workout C,3,,,X-band walk (light tension),,1,Normal,10,10,20,,,,,,,,,
Booty-ful Beginnings,,12-week program for beginners.,12 weeks,Beginner,"Barbell, Dumbbell, Bodyweight, Cable, Kettlebell, Bands, Swiss Ball",3,Weeks 1-4,,1,Week 4,,4,Workout C,3,,,RKC plank,,1,Normal,10,10,30,,,,,,,,,
Booty-ful Beginnings,,12-week program for beginners.,12 weeks,Beginner,"Barbell, Dumbbell, Bodyweight, Cable, Kettlebell, Bands, Swiss Ball",3,Weeks 1-4,,1,Week 4,,4,Workout C,3,,,Rope horizontal chop,,1,Normal,10,10,10,,,,,,,,,
Booty-ful Beginnings,,12-week program for beginners.,12 weeks,Beginner,"Barbell, Dumbbell, Bodyweight, Cable, Kettlebell, Bands, Swiss Ball",3,Weeks 5-8,,2,Week 5,,5,Workout A,15,,A1,Bodyweight hip thrust,,3,Normal,10,10,20,,,,,,,,,
Booty-ful Beginnings,,12-week program for beginners.,12 weeks,Beginner,"Barbell, Dumbbell, Bodyweight, Cable, Kettlebell, Bands, Swiss Ball",3,Weeks 5-8,,2,Week 5,,5,Workout A,15,,A2,Standing single-arm cable row,,3,Normal,8,8,12,,,,,,,,,
Booty-ful Beginnings,,12-week program for beginners.,12 weeks,Beginner,"Barbell, Dumbbell, Bodyweight, Cable, Kettlebell, Bands, Swiss Ball",3,Weeks 5-8,,2,Week 5,,5,Workout A,15,,B1,Goblet squat,,3,Normal,10,10,20,,,,,,,,,
Booty-ful Beginnings,,12-week program for beginners.,12 weeks,Beginner,"Barbell, Dumbbell, Bodyweight, Cable, Kettlebell, Bands, Swiss Ball",3,Weeks 5-8,,2,Week 5,,5,Workout A,15,,B2,Barbell bench press,,3,Normal,8,8,12,,,,,,,,,
Booty-ful Beginnings,,12-week program for beginners.,12 weeks,Beginner,"Barbell, Dumbbell, Bodyweight, Cable, Kettlebell, Bands, Swiss Ball",3,Weeks 5-8,,2,Week 5,,5,Workout A,15,,,Barbell Romanian deadlift,,3,Normal,10,10,20,,,,,,,,,
Booty-ful Beginnings,,12-week program for beginners.,12 weeks,Beginner,"Barbell, Dumbbell, Bodyweight, Cable, Kettlebell, Bands, Swiss Ball",3,Weeks 5-8,,2,Week 5,,5,Workout A,15,,,Side lying abduction,,1,Normal,15,15,30,,,,,,,,,
Booty-ful Beginnings,,12-week program for beginners.,12 weeks,Beginner,"Barbell, Dumbbell, Bodyweight, Cable, Kettlebell, Bands, Swiss Ball",3,Weeks 5-8,,2,Week 5,,5,Workout A,15,,,Feet elevated plank,,1,Normal,20,20,60,,,,,,,,,
Booty-ful Beginnings,,12-week program for beginners.,12 weeks,Beginner,"Barbell, Dumbbell, Bodyweight, Cable, Kettlebell, Bands, Swiss Ball",3,Weeks 5-8,,2,Week 5,,5,Workout A,15,,,Side plank,,1,Normal,20,20,60,,,,,,,,,
Booty-ful Beginnings,,12-week program for beginners.,12 weeks,Beginner,"Barbell, Dumbbell, Bodyweight, Cable, Kettlebell, Bands, Swiss Ball",3,Weeks 5-8,,2,Week 5,,5,Workout B,2,,A1,Bodyweight single-leg glute bridge,,3,Normal,10,10,20,,,,,,,,,
Booty-ful Beginnings,,12-week program for beginners.,12 weeks,Beginner,"Barbell, Dumbbell, Bodyweight, Cable, Kettlebell, Bands, Swiss Ball",3,Weeks 5-8,,2,Week 5,,5,Workout B,2,,A2,Negative chin-up,,3,Normal,3,3,3,,,,,,,,,
Booty-ful Beginnings,,12-week program for beginners.,12 weeks,Beginner,"Barbell, Dumbbell, Bodyweight, Cable, Kettlebell, Bands, Swiss Ball",3,Weeks 5-8,,2,Week 5,,5,Workout B,2,,B1,Bodyweight walking lunge,,3,Normal,20,20,40,,,,,,,,,
Booty-ful Beginnings,,12-week program for beginners.,12 weeks,Beginner,"Barbell, Dumbbell, Bodyweight, Cable, Kettlebell, Bands, Swiss Ball",3,Weeks 5-8,,2,Week 5,,5,Workout B,2,,B2,Dumbbell military press,,3,Normal,8,8,12,,,,,,,,,
Booty-ful Beginnings,,12-week program for beginners.,12 weeks,Beginner,"Barbell, Dumbbell, Bodyweight, Cable, Kettlebell, Bands, Swiss Ball",3,Weeks 5-8,,2,Week 5,,5,Workout B,2,,,Bodyweight reverse hyperextension,,3,Normal,10,10,20,,,,,,,,,
Booty-ful Beginnings,,12-week program for beginners.,12 weeks,Beginner,"Barbell, Dumbbell, Bodyweight, Cable, Kettlebell, Bands, Swiss Ball",3,Weeks 5-8,,2,Week 5,,5,Workout B,2,,,Side lying clam,,1,Normal,15,15,30,,,,,,,,,
Booty-ful Beginnings,,12-week program for beginners.,12 weeks,Beginner,"Barbell, Dumbbell, Bodyweight, Cable, Kettlebell, Bands, Swiss Ball",3,Weeks 5-8,,2,Week 5,,5,Workout B,2,,,Swiss ball crunch,,1,Normal,15,15,30,,,,,,,,,
Booty-ful Beginnings,,12-week program for beginners.,12 weeks,Beginner,"Barbell, Dumbbell, Bodyweight, Cable, Kettlebell, Bands, Swiss Ball",3,Weeks 5-8,,2,Week 5,,5,Workout B,2,,,Swiss ball side crunch,,1,Normal,15,15,30,,,,,,,,,
Booty-ful Beginnings,,12-week program for beginners.,12 weeks,Beginner,"Barbell, Dumbbell, Bodyweight, Cable, Kettlebell, Bands, Swiss Ball",3,Weeks 5-8,,2,Week 5,,5,Workout C,3,,A1,Bodyweight hip thrust (pause rep method),3 sec pause at top,3,Normal,10,10,20,,,,,,,,,
Booty-ful Beginnings,,12-week program for beginners.,12 weeks,Beginner,"Barbell, Dumbbell, Bodyweight, Cable, Kettlebell, Bands, Swiss Ball",3,Weeks 5-8,,2,Week 5,,5,Workout C,3,,A2,Modified inverted row,,3,Normal,8,8,12,,,,,,,,,
Booty-ful Beginnings,,12-week program for beginners.,12 weeks,Beginner,"Barbell, Dumbbell, Bodyweight, Cable, Kettlebell, Bands, Swiss Ball",3,Weeks 5-8,,2,Week 5,,5,Workout C,3,,B1,Goblet squat,,3,Normal,10,10,20,,,,,,,,,
Booty-ful Beginnings,,12-week program for beginners.,12 weeks,Beginner,"Barbell, Dumbbell, Bodyweight, Cable, Kettlebell, Bands, Swiss Ball",3,Weeks 5-8,,2,Week 5,,5,Workout C,3,,B2,Close grip barbell bench press,,3,Normal,8,8,12,,,,,,,,,
Booty-ful Beginnings,,12-week program for beginners.,12 weeks,Beginner,"Barbell, Dumbbell, Bodyweight, Cable, Kettlebell, Bands, Swiss Ball",3,Weeks 5-8,,2,Week 5,,5,Workout C,3,,,Russian kettlebell swing,,3,Normal,10,10,20,,,,,,,,,
Booty-ful Beginnings,,12-week program for beginners.,12 weeks,Beginner,"Barbell, Dumbbell, Bodyweight, Cable, Kettlebell, Bands, Swiss Ball",3,Weeks 5-8,,2,Week 5,,5,Workout C,3,,,X-band walk (moderate tension),,1,Normal,15,15,30,,,,,,,,,
Booty-ful Beginnings,,12-week program for beginners.,12 weeks,Beginner,"Barbell, Dumbbell, Bodyweight, Cable, Kettlebell, Bands, Swiss Ball",3,Weeks 5-8,,2,Week 5,,5,Workout C,3,,,Straight-leg sit-up,,1,Normal,15,15,30,,,,,,,,,
Booty-ful Beginnings,,12-week program for beginners.,12 weeks,Beginner,"Barbell, Dumbbell, Bodyweight, Cable, Kettlebell, Bands, Swiss Ball",3,Weeks 5-8,,2,Week 5,,5,Workout C,3,,,Band rotary hold,,1,Normal,10,10,20,,,,,,,,,
Booty-ful Beginnings,,12-week program for beginners.,12 weeks,Beginner,"Barbell, Dumbbell, Bodyweight, Cable, Kettlebell, Bands, Swiss Ball",3,Weeks 5-8,,2,Week 6,,6,Workout A,15,,A1,Bodyweight hip thrust,,3,Normal,10,10,20,,,,,,,,,
Booty-ful Beginnings,,12-week program for beginners.,12 weeks,Beginner,"Barbell, Dumbbell, Bodyweight, Cable, Kettlebell, Bands, Swiss Ball",3,Weeks 5-8,,2,Week 6,,6,Workout A,15,,A2,Standing single-arm cable row,,3,Normal,8,8,12,,,,,,,,,
Booty-ful Beginnings,,12-week program for beginners.,12 weeks,Beginner,"Barbell, Dumbbell, Bodyweight, Cable, Kettlebell, Bands, Swiss Ball",3,Weeks 5-8,,2,Week 6,,6,Workout A,15,,B1,Goblet squat,,3,Normal,10,10,20,,,,,,,,,
Booty-ful Beginnings,,12-week program for beginners.,12 weeks,Beginner,"Barbell, Dumbbell, Bodyweight, Cable, Kettlebell, Bands, Swiss Ball",3,Weeks 5-8,,2,Week 6,,6,Workout A,15,,B2,Barbell bench press,,3,Normal,8,8,12,,,,,,,,,
Booty-ful Beginnings,,12-week program for beginners.,12 weeks,Beginner,"Barbell, Dumbbell, Bodyweight, Cable, Kettlebell, Bands, Swiss Ball",3,Weeks 5-8,,2,Week 6,,6,Workout A,15,,,Barbell Romanian deadlift,,3,Normal,10,10,20,,,,,,,,,
Booty-ful Beginnings,,12-week program for beginners.,12 weeks,Beginner,"Barbell, Dumbbell, Bodyweight, Cable, Kettlebell, Bands, Swiss Ball",3,Weeks 5-8,,2,Week 6,,6,Workout A,15,,,Side lying abduction,,1,Normal,15,15,30,,,,,,,,,
Booty-ful Beginnings,,12-week program for beginners.,12 weeks,Beginner,"Barbell, Dumbbell, Bodyweight, Cable, Kettlebell, Bands, Swiss Ball",3,Weeks 5-8,,2,Week 6,,6,Workout A,15,,,Feet elevated plank,,1,Normal,20,20,60,,,,,,,,,
Booty-ful Beginnings,,12-week program for beginners.,12 weeks,Beginner,"Barbell, Dumbbell, Bodyweight, Cable, Kettlebell, Bands, Swiss Ball",3,Weeks 5-8,,2,Week 6,,6,Workout A,15,,,Side plank,,1,Normal,20,20,60,,,,,,,,,
Booty-ful Beginnings,,12-week program for beginners.,12 weeks,Beginner,"Barbell, Dumbbell, Bodyweight, Cable, Kettlebell, Bands, Swiss Ball",3,Weeks 5-8,,2,Week 6,,6,Workout B,2,,A1,Bodyweight single-leg glute bridge,,3,Normal,10,10,20,,,,,,,,,
Booty-ful Beginnings,,12-week program for beginners.,12 weeks,Beginner,"Barbell, Dumbbell, Bodyweight, Cable, Kettlebell, Bands, Swiss Ball",3,Weeks 5-8,,2,Week 6,,6,Workout B,2,,A2,Negative chin-up,,3,Normal,3,3,3,,,,,,,,,
Booty-ful Beginnings,,12-week program for beginners.,12 weeks,Beginner,"Barbell, Dumbbell, Bodyweight, Cable, Kettlebell, Bands, Swiss Ball",3,Weeks 5-8,,2,Week 6,,6,Workout B,2,,B1,Bodyweight walking lunge,,3,Normal,20,20,40,,,,,,,,,
Booty-ful Beginnings,,12-week program for beginners.,12 weeks,Beginner,"Barbell, Dumbbell, Bodyweight, Cable, Kettlebell, Bands, Swiss Ball",3,Weeks 5-8,,2,Week 6,,6,Workout B,2,,B2,Dumbbell military press,,3,Normal,8,8,12,,,,,,,,,
Booty-ful Beginnings,,12-week program for beginners.,12 weeks,Beginner,"Barbell, Dumbbell, Bodyweight, Cable, Kettlebell, Bands, Swiss Ball",3,Weeks 5-8,,2,Week 6,,6,Workout B,2,,,Bodyweight reverse hyperextension,,3,Normal,10,10,20,,,,,,,,,
Booty-ful Beginnings,,12-week program for beginners.,12 weeks,Beginner,"Barbell, Dumbbell, Bodyweight, Cable, Kettlebell, Bands, Swiss Ball",3,Weeks 5-8,,2,Week 6,,6,Workout B,2,,,Side lying clam,,1,Normal,15,15,30,,,,,,,,,
Booty-ful Beginnings,,12-week program for beginners.,12 weeks,Beginner,"Barbell, Dumbbell, Bodyweight, Cable, Kettlebell, Bands, Swiss Ball",3,Weeks 5-8,,2,Week 6,,6,Workout B,2,,,Swiss ball crunch,,1,Normal,15,15,30,,,,,,,,,
Booty-ful Beginnings,,12-week program for beginners.,12 weeks,Beginner,"Barbell, Dumbbell, Bodyweight, Cable, Kettlebell, Bands, Swiss Ball",3,Weeks 5-8,,2,Week 6,,6,Workout B,2,,,Swiss ball side crunch,,1,Normal,15,15,30,,,,,,,,,
Booty-ful Beginnings,,12-week program for beginners.,12 weeks,Beginner,"Barbell, Dumbbell, Bodyweight, Cable, Kettlebell, Bands, Swiss Ball",3,Weeks 5-8,,2,Week 6,,6,Workout C,3,,A1,Bodyweight hip thrust (pause rep method),3 sec pause at top,3,Normal,10,10,20,,,,,,,,,
Booty-ful Beginnings,,12-week program for beginners.,12 weeks,Beginner,"Barbell, Dumbbell, Bodyweight, Cable, Kettlebell, Bands, Swiss Ball",3,Weeks 5-8,,2,Week 6,,6,Workout C,3,,A2,Modified inverted row,,3,Normal,8,8,12,,,,,,,,,
Booty-ful Beginnings,,12-week program for beginners.,12 weeks,Beginner,"Barbell, Dumbbell, Bodyweight, Cable, Kettlebell, Bands, Swiss Ball",3,Weeks 5-8,,2,Week 6,,6,Workout C,3,,B1,Goblet squat,,3,Normal,10,10,20,,,,,,,,,
Booty-ful Beginnings,,12-week program for beginners.,12 weeks,Beginner,"Barbell, Dumbbell, Bodyweight, Cable, Kettlebell, Bands, Swiss Ball",3,Weeks 5-8,,2,Week 6,,6,Workout C,3,,B2,Close grip barbell bench press,,3,Normal,8,8,12,,,,,,,,,
Booty-ful Beginnings,,12-week program for beginners.,12 weeks,Beginner,"Barbell, Dumbbell, Bodyweight, Cable, Kettlebell, Bands, Swiss Ball",3,Weeks 5-8,,2,Week 6,,6,Workout C,3,,,Russian kettlebell swing,,3,Normal,10,10,20,,,,,,,,,
Booty-ful Beginnings,,12-week program for beginners.,12 weeks,Beginner,"Barbell, Dumbbell, Bodyweight, Cable, Kettlebell, Bands, Swiss Ball",3,Weeks 5-8,,2,Week 6,,6,Workout C,3,,,X-band walk (moderate tension),,1,Normal,15,15,30,,,,,,,,,
Booty-ful Beginnings,,12-week program for beginners.,12 weeks,Beginner,"Barbell, Dumbbell, Bodyweight, Cable, Kettlebell, Bands, Swiss Ball",3,Weeks 5-8,,2,Week 6,,6,Workout C,3,,,Straight-leg sit-up,,1,Normal,15,15,30,,,,,,,,,
Booty-ful Beginnings,,12-week program for beginners.,12 weeks,Beginner,"Barbell, Dumbbell, Bodyweight, Cable, Kettlebell, Bands, Swiss Ball",3,Weeks 5-8,,2,Week 6,,6,Workout C,3,,,Band rotary hold,,1,Normal,10,10,20,,,,,,,,,
Booty-ful Beginnings,,12-week program for beginners.,12 weeks,Beginner,"Barbell, Dumbbell, Bodyweight, Cable, Kettlebell, Bands, Swiss Ball",3,Weeks 5-8,,2,Week 7,,7,Workout A,15,,A1,Bodyweight hip thrust,,3,Normal,10,10,20,,,,,,,,,
Booty-ful Beginnings,,12-week program for beginners.,12 weeks,Beginner,"Barbell, Dumbbell, Bodyweight, Cable, Kettlebell, Bands, Swiss Ball",3,Weeks 5-8,,2,Week 7,,7,Workout A,15,,A2,Standing single-arm cable row,,3,Normal,8,8,12,,,,,,,,,
Booty-ful Beginnings,,12-week program for beginners.,12 weeks,Beginner,"Barbell, Dumbbell, Bodyweight, Cable, Kettlebell, Bands, Swiss Ball",3,Weeks 5-8,,2,Week 7,,7,Workout A,15,,B1,Goblet squat,,3,Normal,10,10,20,,,,,,,,,
Booty-ful Beginnings,,12-week program for beginners.,12 weeks,Beginner,"Barbell, Dumbbell, Bodyweight, Cable, Kettlebell, Bands, Swiss Ball",3,Weeks 5-8,,2,Week 7,,7,Workout A,15,,B2,Barbell bench press,,3,Normal,8,8,12,,,,,,,,,
Booty-ful Beginnings,,12-week program for beginners.,12 weeks,Beginner,"Barbell, Dumbbell, Bodyweight, Cable, Kettlebell, Bands, Swiss Ball",3,Weeks 5-8,,2,Week 7,,7,Workout A,15,,,Barbell Romanian deadlift,,3,Normal,10,10,20,,,,,,,,,
Booty-ful Beginnings,,12-week program for beginners.,12 weeks,Beginner,"Barbell, Dumbbell, Bodyweight, Cable, Kettlebell, Bands, Swiss Ball",3,Weeks 5-8,,2,Week 7,,7,Workout A,15,,,Side lying abduction,,1,Normal,15,15,30,,,,,,,,,
Booty-ful Beginnings,,12-week program for beginners.,12 weeks,Beginner,"Barbell, Dumbbell, Bodyweight, Cable, Kettlebell, Bands, Swiss Ball",3,Weeks 5-8,,2,Week 7,,7,Workout A,15,,,Feet elevated plank,,1,Normal,20,20,60,,,,,,,,,
Booty-ful Beginnings,,12-week program for beginners.,12 weeks,Beginner,"Barbell, Dumbbell, Bodyweight, Cable, Kettlebell, Bands, Swiss Ball",3,Weeks 5-8,,2,Week 7,,7,Workout A,15,,,Side plank,,1,Normal,20,20,60,,,,,,,,,
Booty-ful Beginnings,,12-week program for beginners.,12 weeks,Beginner,"Barbell, Dumbbell, Bodyweight, Cable, Kettlebell, Bands, Swiss Ball",3,Weeks 5-8,,2,Week 7,,7,Workout B,2,,A1,Bodyweight single-leg glute bridge,,3,Normal,10,10,20,,,,,,,,,
Booty-ful Beginnings,,12-week program for beginners.,12 weeks,Beginner,"Barbell, Dumbbell, Bodyweight, Cable, Kettlebell, Bands, Swiss Ball",3,Weeks 5-8,,2,Week 7,,7,Workout B,2,,A2,Negative chin-up,,3,Normal,3,3,3,,,,,,,,,
Booty-ful Beginnings,,12-week program for beginners.,12 weeks,Beginner,"Barbell, Dumbbell, Bodyweight, Cable, Kettlebell, Bands, Swiss Ball",3,Weeks 5-8,,2,Week 7,,7,Workout B,2,,B1,Bodyweight walking lunge,,3,Normal,20,20,40,,,,,,,,,
Booty-ful Beginnings,,12-week program for beginners.,12 weeks,Beginner,"Barbell, Dumbbell, Bodyweight, Cable, Kettlebell, Bands, Swiss Ball",3,Weeks 5-8,,2,Week 7,,7,Workout B,2,,B2,Dumbbell military press,,3,Normal,8,8,12,,,,,,,,,
Booty-ful Beginnings,,12-week program for beginners.,12 weeks,Beginner,"Barbell, Dumbbell, Bodyweight, Cable, Kettlebell, Bands, Swiss Ball",3,Weeks 5-8,,2,Week 7,,7,Workout B,2,,,Bodyweight reverse hyperextension,,3,Normal,10,10,20,,,,,,,,,
Booty-ful Beginnings,,12-week program for beginners.,12 weeks,Beginner,"Barbell, Dumbbell, Bodyweight, Cable, Kettlebell, Bands, Swiss Ball",3,Weeks 5-8,,2,Week 7,,7,Workout B,2,,,Side lying clam,,1,Normal,15,15,30,,,,,,,,,
Booty-ful Beginnings,,12-week program for beginners.,12 weeks,Beginner,"Barbell, Dumbbell, Bodyweight, Cable, Kettlebell, Bands, Swiss Ball",3,Weeks 5-8,,2,Week 7,,7,Workout B,2,,,Swiss ball crunch,,1,Normal,15,15,30,,,,,,,,,
Booty-ful Beginnings,,12-week program for beginners.,12 weeks,Beginner,"Barbell, Dumbbell, Bodyweight, Cable, Kettlebell, Bands, Swiss Ball",3,Weeks 5-8,,2,Week 7,,7,Workout B,2,,,Swiss ball side crunch,,1,Normal,15,15,30,,,,,,,,,
Booty-ful Beginnings,,12-week program for beginners.,12 weeks,Beginner,"Barbell, Dumbbell, Bodyweight, Cable, Kettlebell, Bands, Swiss Ball",3,Weeks 5-8,,2,Week 7,,7,Workout C,3,,A1,Bodyweight hip thrust (pause rep method),3 sec pause at top,3,Normal,10,10,20,,,,,,,,,
Booty-ful Beginnings,,12-week program for beginners.,12 weeks,Beginner,"Barbell, Dumbbell, Bodyweight, Cable, Kettlebell, Bands, Swiss Ball",3,Weeks 5-8,,2,Week 7,,7,Workout C,3,,A2,Modified inverted row,,3,Normal,8,8,12,,,,,,,,,
Booty-ful Beginnings,,12-week program for beginners.,12 weeks,Beginner,"Barbell, Dumbbell, Bodyweight, Cable, Kettlebell, Bands, Swiss Ball",3,Weeks 5-8,,2,Week 7,,7,Workout C,3,,B1,Goblet squat,,3,Normal,10,10,20,,,,,,,,,
Booty-ful Beginnings,,12-week program for beginners.,12 weeks,Beginner,"Barbell, Dumbbell, Bodyweight, Cable, Kettlebell, Bands, Swiss Ball",3,Weeks 5-8,,2,Week 7,,7,Workout C,3,,B2,Close grip barbell bench press,,3,Normal,8,8,12,,,,,,,,,
Booty-ful Beginnings,,12-week program for beginners.,12 weeks,Beginner,"Barbell, Dumbbell, Bodyweight, Cable, Kettlebell, Bands, Swiss Ball",3,Weeks 5-8,,2,Week 7,,7,Workout C,3,,,Russian kettlebell swing,,3,Normal,10,10,20,,,,,,,,,
Booty-ful Beginnings,,12-week program for beginners.,12 weeks,Beginner,"Barbell, Dumbbell, Bodyweight, Cable, Kettlebell, Bands, Swiss Ball",3,Weeks 5-8,,2,Week 7,,7,Workout C,3,,,X-band walk (moderate tension),,1,Normal,15,15,30,,,,,,,,,
Booty-ful Beginnings,,12-week program for beginners.,12 weeks,Beginner,"Barbell, Dumbbell, Bodyweight, Cable, Kettlebell, Bands, Swiss Ball",3,Weeks 5-8,,2,Week 7,,7,Workout C,3,,,Straight-leg sit-up,,1,Normal,15,15,30,,,,,,,,,
Booty-ful Beginnings,,12-week program for beginners.,12 weeks,Beginner,"Barbell, Dumbbell, Bodyweight, Cable, Kettlebell, Bands, Swiss Ball",3,Weeks 5-8,,2,Week 7,,7,Workout C,3,,,Band rotary hold,,1,Normal,10,10,20,,,,,,,,,
Booty-ful Beginnings,,12-week program for beginners.,12 weeks,Beginner,"Barbell, Dumbbell, Bodyweight, Cable, Kettlebell, Bands, Swiss Ball",3,Weeks 5-8,,2,Week 8,,8,Workout A,15,,A1,Bodyweight hip thrust,,3,Normal,10,10,20,,,,,,,,,
Booty-ful Beginnings,,12-week program for beginners.,12 weeks,Beginner,"Barbell, Dumbbell, Bodyweight, Cable, Kettlebell, Bands, Swiss Ball",3,Weeks 5-8,,2,Week 8,,8,Workout A,15,,A2,Standing single-arm cable row,,3,Normal,8,8,12,,,,,,,,,
Booty-ful Beginnings,,12-week program for beginners.,12 weeks,Beginner,"Barbell, Dumbbell, Bodyweight, Cable, Kettlebell, Bands, Swiss Ball",3,Weeks 5-8,,2,Week 8,,8,Workout A,15,,B1,Goblet squat,,3,Normal,10,10,20,,,,,,,,,
Booty-ful Beginnings,,12-week program for beginners.,12 weeks,Beginner,"Barbell, Dumbbell, Bodyweight, Cable, Kettlebell, Bands, Swiss Ball",3,Weeks 5-8,,2,Week 8,,8,Workout A,15,,B2,Barbell bench press,,3,Normal,8,8,12,,,,,,,,,
Booty-ful Beginnings,,12-week program for beginners.,12 weeks,Beginner,"Barbell, Dumbbell, Bodyweight, Cable, Kettlebell, Bands, Swiss Ball",3,Weeks 5-8,,2,Week 8,,8,Workout A,15,,,Barbell Romanian deadlift,,3,Normal,10,10,20,,,,,,,,,
Booty-ful Beginnings,,12-week program for beginners.,12 weeks,Beginner,"Barbell, Dumbbell, Bodyweight, Cable, Kettlebell, Bands, Swiss Ball",3,Weeks 5-8,,2,Week 8,,8,Workout A,15,,,Side lying abduction,,1,Normal,15,15,30,,,,,,,,,
Booty-ful Beginnings,,12-week program for beginners.,12 weeks,Beginner,"Barbell, Dumbbell, Bodyweight, Cable, Kettlebell, Bands, Swiss Ball",3,Weeks 5-8,,2,Week 8,,8,Workout A,15,,,Feet elevated plank,,1,Normal,20,20,60,,,,,,,,,
Booty-ful Beginnings,,12-week program for beginners.,12 weeks,Beginner,"Barbell, Dumbbell, Bodyweight, Cable, Kettlebell, Bands, Swiss Ball",3,Weeks 5-8,,2,Week 8,,8,Workout A,15,,,Side plank,,1,Normal,20,20,60,,,,,,,,,
Booty-ful Beginnings,,12-week program for beginners.,12 weeks,Beginner,"Barbell, Dumbbell, Bodyweight, Cable, Kettlebell, Bands, Swiss Ball",3,Weeks 5-8,,2,Week 8,,8,Workout B,2,,A1,Bodyweight single-leg glute bridge,,3,Normal,10,10,20,,,,,,,,,
Booty-ful Beginnings,,12-week program for beginners.,12 weeks,Beginner,"Barbell, Dumbbell, Bodyweight, Cable, Kettlebell, Bands, Swiss Ball",3,Weeks 5-8,,2,Week 8,,8,Workout B,2,,A2,Negative chin-up,,3,Normal,3,3,3,,,,,,,,,
Booty-ful Beginnings,,12-week program for beginners.,12 weeks,Beginner,"Barbell, Dumbbell, Bodyweight, Cable, Kettlebell, Bands, Swiss Ball",3,Weeks 5-8,,2,Week 8,,8,Workout B,2,,B1,Bodyweight walking lunge,,3,Normal,20,20,40,,,,,,,,,
Booty-ful Beginnings,,12-week program for beginners.,12 weeks,Beginner,"Barbell, Dumbbell, Bodyweight, Cable, Kettlebell, Bands, Swiss Ball",3,Weeks 5-8,,2,Week 8,,8,Workout B,2,,B2,Dumbbell military press,,3,Normal,8,8,12,,,,,,,,,
Booty-ful Beginnings,,12-week program for beginners.,12 weeks,Beginner,"Barbell, Dumbbell, Bodyweight, Cable, Kettlebell, Bands, Swiss Ball",3,Weeks 5-8,,2,Week 8,,8,Workout B,2,,,Bodyweight reverse hyperextension,,3,Normal,10,10,20,,,,,,,,,
Booty-ful Beginnings,,12-week program for beginners.,12 weeks,Beginner,"Barbell, Dumbbell, Bodyweight, Cable, Kettlebell, Bands, Swiss Ball",3,Weeks 5-8,,2,Week 8,,8,Workout B,2,,,Side lying clam,,1,Normal,15,15,30,,,,,,,,,
Booty-ful Beginnings,,12-week program for beginners.,12 weeks,Beginner,"Barbell, Dumbbell, Bodyweight, Cable, Kettlebell, Bands, Swiss Ball",3,Weeks 5-8,,2,Week 8,,8,Workout B,2,,,Swiss ball crunch,,1,Normal,15,15,30,,,,,,,,,
Booty-ful Beginnings,,12-week program for beginners.,12 weeks,Beginner,"Barbell, Dumbbell, Bodyweight, Cable, Kettlebell, Bands, Swiss Ball",3,Weeks 5-8,,2,Week 8,,8,Workout B,2,,,Swiss ball side crunch,,1,Normal,15,15,30,,,,,,,,,
Booty-ful Beginnings,,12-week program for beginners.,12 weeks,Beginner,"Barbell, Dumbbell, Bodyweight, Cable, Kettlebell, Bands, Swiss Ball",3,Weeks 5-8,,2,Week 8,,8,Workout C,3,,A1,Bodyweight hip thrust (pause rep method),3 sec pause at top,3,Normal,10,10,20,,,,,,,,,
Booty-ful Beginnings,,12-week program for beginners.,12 weeks,Beginner,"Barbell, Dumbbell, Bodyweight, Cable, Kettlebell, Bands, Swiss Ball",3,Weeks 5-8,,2,Week 8,,8,Workout C,3,,A2,Modified inverted row,,3,Normal,8,8,12,,,,,,,,,
Booty-ful Beginnings,,12-week program for beginners.,12 weeks,Beginner,"Barbell, Dumbbell, Bodyweight, Cable, Kettlebell, Bands, Swiss Ball",3,Weeks 5-8,,2,Week 8,,8,Workout C,3,,B1,Goblet squat,,3,Normal,10,10,20,,,,,,,,,
Booty-ful Beginnings,,12-week program for beginners.,12 weeks,Beginner,"Barbell, Dumbbell, Bodyweight, Cable, Kettlebell, Bands, Swiss Ball",3,Weeks 5-8,,2,Week 8,,8,Workout C,3,,B2,Close grip barbell bench press,,3,Normal,8,8,12,,,,,,,,,
Booty-ful Beginnings,,12-week program for beginners.,12 weeks,Beginner,"Barbell, Dumbbell, Bodyweight, Cable, Kettlebell, Bands, Swiss Ball",3,Weeks 5-8,,2,Week 8,,8,Workout C,3,,,Russian kettlebell swing,,3,Normal,10,10,20,,,,,,,,,
Booty-ful Beginnings,,12-week program for beginners.,12 weeks,Beginner,"Barbell, Dumbbell, Bodyweight, Cable, Kettlebell, Bands, Swiss Ball",3,Weeks 5-8,,2,Week 8,,8,Workout C,3,,,X-band walk (moderate tension),,1,Normal,15,15,30,,,,,,,,,
Booty-ful Beginnings,,12-week program for beginners.,12 weeks,Beginner,"Barbell, Dumbbell, Bodyweight, Cable, Kettlebell, Bands, Swiss Ball",3,Weeks 5-8,,2,Week 8,,8,Workout C,3,,,Straight-leg sit-up,,1,Normal,15,15,30,,,,,,,,,
Booty-ful Beginnings,,12-week program for beginners.,12 weeks,Beginner,"Barbell, Dumbbell, Bodyweight, Cable, Kettlebell, Bands, Swiss Ball",3,Weeks 5-8,,2,Week 8,,8,Workout C,3,,,Band rotary hold,,1,Normal,10,10,20,,,,,,,,,
Booty-ful Beginnings,,12-week program for beginners.,12 weeks,Beginner,"Barbell, Dumbbell, Bodyweight, Cable, Kettlebell, Bands, Swiss Ball",3,Weeks 9-12,,3,Week 9,,9,Workout A,27,,A1,Barbell hip thrust,,3,Normal,10,10,20,,,,,,,,,
Booty-ful Beginnings,,12-week program for beginners.,12 weeks,Beginner,"Barbell, Dumbbell, Bodyweight, Cable, Kettlebell, Bands, Swiss Ball",3,Weeks 9-12,,3,Week 9,,9,Workout A,27,,A2,Dumbbell bent over row,,3,Normal,8,8,12,,,,,,,,,
Booty-ful Beginnings,,12-week program for beginners.,12 weeks,Beginner,"Barbell, Dumbbell, Bodyweight, Cable, Kettlebell, Bands, Swiss Ball",3,Weeks 9-12,,3,Week 9,,9,Workout A,27,,B1,Barbell box squat,,3,Normal,10,10,20,,,,,,,,,
Booty-ful Beginnings,,12-week program for beginners.,12 weeks,Beginner,"Barbell, Dumbbell, Bodyweight, Cable, Kettlebell, Bands, Swiss Ball",3,Weeks 9-12,,3,Week 9,,9,Workout A,27,,B2,Push-up,,3,Normal,3,3,10,,,,,,,,,
Booty-ful Beginnings,,12-week program for beginners.,12 weeks,Beginner,"Barbell, Dumbbell, Bodyweight, Cable, Kettlebell, Bands, Swiss Ball",3,Weeks 9-12,,3,Week 9,,9,Workout A,27,,,Barbell American deadlift,,3,Normal,10,10,20,,,,,,,,,
Booty-ful Beginnings,,12-week program for beginners.,12 weeks,Beginner,"Barbell, Dumbbell, Bodyweight, Cable, Kettlebell, Bands, Swiss Ball",3,Weeks 9-12,,3,Week 9,,9,Workout A,27,,,Side lying abduction,,1,Normal,15,15,30,,,,,,,,,
Booty-ful Beginnings,,12-week program for beginners.,12 weeks,Beginner,"Barbell, Dumbbell, Bodyweight, Cable, Kettlebell, Bands, Swiss Ball",3,Weeks 9-12,,3,Week 9,,9,Workout A,27,,,Dumbbell Swiss ball crunch,,1,Normal,15,15,30,,,,,,,,,
Booty-ful Beginnings,,12-week program for beginners.,12 weeks,Beginner,"Barbell, Dumbbell, Bodyweight, Cable, Kettlebell, Bands, Swiss Ball",3,Weeks 9-12,,3,Week 9,,9,Workout A,27,,,Half-kneeling cable anti-rotation press,,1,Normal,10,10,15,,,,,,,,,
Booty-ful Beginnings,,12-week program for beginners.,12 weeks,Beginner,"Barbell, Dumbbell, Bodyweight, Cable, Kettlebell, Bands, Swiss Ball",3,Weeks 9-12,,3,Week 9,,9,Workout B,2,,A1,Bodyweight single-leg hip thrust,,3,Normal,10,10,20,,,,,,,,,
Booty-ful Beginnings,,12-week program for beginners.,12 weeks,Beginner,"Barbell, Dumbbell, Bodyweight, Cable, Kettlebell, Bands, Swiss Ball",3,Weeks 9-12,,3,Week 9,,9,Workout B,2,,A2,Chin-up (band assisted),,3,Normal,1,1,5,,,,,,,,,
Booty-ful Beginnings,,12-week program for beginners.,12 weeks,Beginner,"Barbell, Dumbbell, Bodyweight, Cable, Kettlebell, Bands, Swiss Ball",3,Weeks 9-12,,3,Week 9,,9,Workout B,2,,B1,Bodyweight Bulgarian split squat,,3,Normal,10,10,20,,,,,,,,,
Booty-ful Beginnings,,12-week program for beginners.,12 weeks,Beginner,"Barbell, Dumbbell, Bodyweight, Cable, Kettlebell, Bands, Swiss Ball",3,Weeks 9-12,,3,Week 9,,9,Workout B,2,,B2,Barbell military press,,3,Normal,8,8,12,,,,,,,,,
Booty-ful Beginnings,,12-week program for beginners.,12 weeks,Beginner,"Barbell, Dumbbell, Bodyweight, Cable, Kettlebell, Bands, Swiss Ball",3,Weeks 9-12,,3,Week 9,,9,Workout B,2,,,Good morning,,3,Normal,10,10,20,,,,,,,,,
Booty-ful Beginnings,,12-week program for beginners.,12 weeks,Beginner,"Barbell, Dumbbell, Bodyweight, Cable, Kettlebell, Bands, Swiss Ball",3,Weeks 9-12,,3,Week 9,,9,Workout B,2,,,X-band walk,,1,Normal,15,15,30,,,,,,,,,
Booty-ful Beginnings,,12-week program for beginners.,12 weeks,Beginner,"Barbell, Dumbbell, Bodyweight, Cable, Kettlebell, Bands, Swiss Ball",3,Weeks 9-12,,3,Week 9,,9,Workout B,2,,,Feet elevated plank,,1,Normal,60,60,120,,,,,,,,,
Booty-ful Beginnings,,12-week program for beginners.,12 weeks,Beginner,"Barbell, Dumbbell, Bodyweight, Cable, Kettlebell, Bands, Swiss Ball",3,Weeks 9-12,,3,Week 9,,9,Workout B,2,,,Dumbbell side bend,,1,Normal,15,15,30,,,,,,,,,
Booty-ful Beginnings,,12-week program for beginners.,12 weeks,Beginner,"Barbell, Dumbbell, Bodyweight, Cable, Kettlebell, Bands, Swiss Ball",3,Weeks 9-12,,3,Week 9,,9,Workout C,3,,A1,Barbell hip thrust (pause rep method),3 sec pause at top,3,Normal,8,8,15,,,,,,,,,
Booty-ful Beginnings,,12-week program for beginners.,12 weeks,Beginner,"Barbell, Dumbbell, Bodyweight, Cable, Kettlebell, Bands, Swiss Ball",3,Weeks 9-12,,3,Week 9,,9,Workout C,3,,A2,Dumbbell chest supported row,,3,Normal,8,8,12,,,,,,,,,
Booty-ful Beginnings,,12-week program for beginners.,12 weeks,Beginner,"Barbell, Dumbbell, Bodyweight, Cable, Kettlebell, Bands, Swiss Ball",3,Weeks 9-12,,3,Week 9,,9,Workout C,3,,B1,Barbell parallel squat,,3,Normal,10,10,20,,,,,,,,,
Booty-ful Beginnings,,12-week program for beginners.,12 weeks,Beginner,"Barbell, Dumbbell, Bodyweight, Cable, Kettlebell, Bands, Swiss Ball",3,Weeks 9-12,,3,Week 9,,9,Workout C,3,,B2,Barbell incline press,,3,Normal,8,8,12,,,,,,,,,
Booty-ful Beginnings,,12-week program for beginners.,12 weeks,Beginner,"Barbell, Dumbbell, Bodyweight, Cable, Kettlebell, Bands, Swiss Ball",3,Weeks 9-12,,3,Week 9,,9,Workout C,3,,,Bodyweight back extension,,3,Normal,10,10,30,,,,,,,,,
Booty-ful Beginnings,,12-week program for beginners.,12 weeks,Beginner,"Barbell, Dumbbell, Bodyweight, Cable, Kettlebell, Bands, Swiss Ball",3,Weeks 9-12,,3,Week 9,,9,Workout C,3,,,Side lying clam,,1,Normal,15,15,30,,,,,,,,,
Booty-ful Beginnings,,12-week program for beginners.,12 weeks,Beginner,"Barbell, Dumbbell, Bodyweight, Cable, Kettlebell, Bands, Swiss Ball",3,Weeks 9-12,,3,Week 9,,9,Workout C,3,,,Hanging leg raise,,1,Normal,10,10,20,,,,,,,,,
Booty-ful Beginnings,,12-week program for beginners.,12 weeks,Beginner,"Barbell, Dumbbell, Bodyweight, Cable, Kettlebell, Bands, Swiss Ball",3,Weeks 9-12,,3,Week 9,,9,Workout C,3,,,Rope horizontal chop,,1,Normal,10,10,15,,,,,,,,,
Booty-ful Beginnings,,12-week program for beginners.,12 weeks,Beginner,"Barbell, Dumbbell, Bodyweight, Cable, Kettlebell, Bands, Swiss Ball",3,Weeks 9-12,,3,Week 10,,10,Workout A,27,,A1,Barbell hip thrust,,3,Normal,10,10,20,,,,,,,,,
Booty-ful Beginnings,,12-week program for beginners.,12 weeks,Beginner,"Barbell, Dumbbell, Bodyweight, Cable, Kettlebell, Bands, Swiss Ball",3,Weeks 9-12,,3,Week 10,,10,Workout A,27,,A2,Dumbbell bent over row,,3,Normal,8,8,12,,,,,,,,,
Booty-ful Beginnings,,12-week program for beginners.,12 weeks,Beginner,"Barbell, Dumbbell, Bodyweight, Cable, Kettlebell, Bands, Swiss Ball",3,Weeks 9-12,,3,Week 10,,10,Workout A,27,,B1,Barbell box squat,,3,Normal,10,10,20,,,,,,,,,
Booty-ful Beginnings,,12-week program for beginners.,12 weeks,Beginner,"Barbell, Dumbbell, Bodyweight, Cable, Kettlebell, Bands, Swiss Ball",3,Weeks 9-12,,3,Week 10,,10,Workout A,27,,B2,Push-up,,3,Normal,3,3,10,,,,,,,,,
Booty-ful Beginnings,,12-week program for beginners.,12 weeks,Beginner,"Barbell, Dumbbell, Bodyweight, Cable, Kettlebell, Bands, Swiss Ball",3,Weeks 9-12,,3,Week 10,,10,Workout A,27,,,Barbell American deadlift,,3,Normal,10,10,20,,,,,,,,,
Booty-ful Beginnings,,12-week program for beginners.,12 weeks,Beginner,"Barbell, Dumbbell, Bodyweight, Cable, Kettlebell, Bands, Swiss Ball",3,Weeks 9-12,,3,Week 10,,10,Workout A,27,,,Side lying abduction,,1,Normal,15,15,30,,,,,,,,,
Booty-ful Beginnings,,12-week program for beginners.,12 weeks,Beginner,"Barbell, Dumbbell, Bodyweight, Cable, Kettlebell, Bands, Swiss Ball",3,Weeks 9-12,,3,Week 10,,10,Workout A,27,,,Dumbbell Swiss ball crunch,,1,Normal,15,15,30,,,,,,,,,
Booty-ful Beginnings,,12-week program for beginners.,12 weeks,Beginner,"Barbell, Dumbbell, Bodyweight, Cable, Kettlebell, Bands, Swiss Ball",3,Weeks 9-12,,3,Week 10,,10,Workout A,27,,,Half-kneeling cable anti-rotation press,,1,Normal,10,10,15,,,,,,,,,
Booty-ful Beginnings,,12-week program for beginners.,12 weeks,Beginner,"Barbell, Dumbbell, Bodyweight, Cable, Kettlebell, Bands, Swiss Ball",3,Weeks 9-12,,3,Week 10,,10,Workout B,2,,A1,Bodyweight single-leg hip thrust,,3,Normal,10,10,20,,,,,,,,,
Booty-ful Beginnings,,12-week program for beginners.,12 weeks,Beginner,"Barbell, Dumbbell, Bodyweight, Cable, Kettlebell, Bands, Swiss Ball",3,Weeks 9-12,,3,Week 10,,10,Workout B,2,,A2,Chin-up (band assisted),,3,Normal,1,1,5,,,,,,,,,
Booty-ful Beginnings,,12-week program for beginners.,12 weeks,Beginner,"Barbell, Dumbbell, Bodyweight, Cable, Kettlebell, Bands, Swiss Ball",3,Weeks 9-12,,3,Week 10,,10,Workout B,2,,B1,Bodyweight Bulgarian split squat,,3,Normal,10,10,20,,,,,,,,,
Booty-ful Beginnings,,12-week program for beginners.,12 weeks,Beginner,"Barbell, Dumbbell, Bodyweight, Cable, Kettlebell, Bands, Swiss Ball",3,Weeks 9-12,,3,Week 10,,10,Workout B,2,,B2,Barbell military press,,3,Normal,8,8,12,,,,,,,,,
Booty-ful Beginnings,,12-week program for beginners.,12 weeks,Beginner,"Barbell, Dumbbell, Bodyweight, Cable, Kettlebell, Bands, Swiss Ball",3,Weeks 9-12,,3,Week 10,,10,Workout B,2,,,Good morning,,3,Normal,10,10,20,,,,,,,,,
Booty-ful Beginnings,,12-week program for beginners.,12 weeks,Beginner,"Barbell, Dumbbell, Bodyweight, Cable, Kettlebell, Bands, Swiss Ball",3,Weeks 9-12,,3,Week 10,,10,Workout B,2,,,X-band walk,,1,Normal,15,15,30,,,,,,,,,
Booty-ful Beginnings,,12-week program for beginners.,12 weeks,Beginner,"Barbell, Dumbbell, Bodyweight, Cable, Kettlebell, Bands, Swiss Ball",3,Weeks 9-12,,3,Week 10,,10,Workout B,2,,,Feet elevated plank,,1,Normal,60,60,120,,,,,,,,,
Booty-ful Beginnings,,12-week program for beginners.,12 weeks,Beginner,"Barbell, Dumbbell, Bodyweight, Cable, Kettlebell, Bands, Swiss Ball",3,Weeks 9-12,,3,Week 10,,10,Workout B,2,,,Dumbbell side bend,,1,Normal,15,15,30,,,,,,,,,
Booty-ful Beginnings,,12-week program for beginners.,12 weeks,Beginner,"Barbell, Dumbbell, Bodyweight, Cable, Kettlebell, Bands, Swiss Ball",3,Weeks 9-12,,3,Week 10,,10,Workout C,3,,A1,Barbell hip thrust (pause rep method),3 sec pause at top,3,Normal,8,8,15,,,,,,,,,
Booty-ful Beginnings,,12-week program for beginners.,12 weeks,Beginner,"Barbell, Dumbbell, Bodyweight, Cable, Kettlebell, Bands, Swiss Ball",3,Weeks 9-12,,3,Week 10,,10,Workout C,3,,A2,Dumbbell chest supported row,,3,Normal,8,8,12,,,,,,,,,
Booty-ful Beginnings,,12-week program for beginners.,12 weeks,Beginner,"Barbell, Dumbbell, Bodyweight, Cable, Kettlebell, Bands, Swiss Ball",3,Weeks 9-12,,3,Week 10,,10,Workout C,3,,B1,Barbell parallel squat,,3,Normal,10,10,20,,,,,,,,,
Booty-ful Beginnings,,12-week program for beginners.,12 weeks,Beginner,"Barbell, Dumbbell, Bodyweight, Cable, Kettlebell, Bands, Swiss Ball",3,Weeks 9-12,,3,Week 10,,10,Workout C,3,,B2,Barbell incline press,,3,Normal,8,8,12,,,,,,,,,
Booty-ful Beginnings,,12-week program for beginners.,12 weeks,Beginner,"Barbell, Dumbbell, Bodyweight, Cable, Kettlebell, Bands, Swiss Ball",3,Weeks 9-12,,3,Week 10,,10,Workout C,3,,,Bodyweight back extension,,3,Normal,10,10,30,,,,,,,,,
Booty-ful Beginnings,,12-week program for beginners.,12 weeks,Beginner,"Barbell, Dumbbell, Bodyweight, Cable, Kettlebell, Bands, Swiss Ball",3,Weeks 9-12,,3,Week 10,,10,Workout C,3,,,Side lying clam,,1,Normal,15,15,30,,,,,,,,,
Booty-ful Beginnings,,12-week program for beginners.,12 weeks,Beginner,"Barbell, Dumbbell, Bodyweight, Cable, Kettlebell, Bands, Swiss Ball",3,Weeks 9-12,,3,Week 10,,10,Workout C,3,,,Hanging leg raise,,1,Normal,10,10,20,,,,,,,,,
Booty-ful Beginnings,,12-week program for beginners.,12 weeks,Beginner,"Barbell, Dumbbell, Bodyweight, Cable, Kettlebell, Bands, Swiss Ball",3,Weeks 9-12,,3,Week 10,,10,Workout C,3,,,Rope horizontal chop,,1,Normal,10,10,15,,,,,,,,,
Booty-ful Beginnings,,12-week program for beginners.,12 weeks,Beginner,"Barbell, Dumbbell, Bodyweight, Cable, Kettlebell, Bands, Swiss Ball",3,Weeks 9-12,,3,Week 11,,11,Workout A,27,,A1,Barbell hip thrust,,3,Normal,10,10,20,,,,,,,,,
Booty-ful Beginnings,,12-week program for beginners.,12 weeks,Beginner,"Barbell, Dumbbell, Bodyweight, Cable, Kettlebell, Bands, Swiss Ball",3,Weeks 9-12,,3,Week 11,,11,Workout A,27,,A2,Dumbbell bent over row,,3,Normal,8,8,12,,,,,,,,,
Booty-ful Beginnings,,12-week program for beginners.,12 weeks,Beginner,"Barbell, Dumbbell, Bodyweight, Cable, Kettlebell, Bands, Swiss Ball",3,Weeks 9-12,,3,Week 11,,11,Workout A,27,,B1,Barbell box squat,,3,Normal,10,10,20,,,,,,,,,
Booty-ful Beginnings,,12-week program for beginners.,12 weeks,Beginner,"Barbell, Dumbbell, Bodyweight, Cable, Kettlebell, Bands, Swiss Ball",3,Weeks 9-12,,3,Week 11,,11,Workout A,27,,B2,Push-up,,3,Normal,3,3,10,,,,,,,,,
Booty-ful Beginnings,,12-week program for beginners.,12 weeks,Beginner,"Barbell, Dumbbell, Bodyweight, Cable, Kettlebell, Bands, Swiss Ball",3,Weeks 9-12,,3,Week 11,,11,Workout A,27,,,Barbell American deadlift,,3,Normal,10,10,20,,,,,,,,,
Booty-ful Beginnings,,12-week program for beginners.,12 weeks,Beginner,"Barbell, Dumbbell, Bodyweight, Cable, Kettlebell, Bands, Swiss Ball",3,Weeks 9-12,,3,Week 11,,11,Workout A,27,,,Side lying abduction,,1,Normal,15,15,30,,,,,,,,,
Booty-ful Beginnings,,12-week program for beginners.,12 weeks,Beginner,"Barbell, Dumbbell, Bodyweight, Cable, Kettlebell, Bands, Swiss Ball",3,Weeks 9-12,,3,Week 11,,11,Workout A,27,,,Dumbbell Swiss ball crunch,,1,Normal,15,15,30,,,,,,,,,
Booty-ful Beginnings,,12-week program for beginners.,12 weeks,Beginner,"Barbell, Dumbbell, Bodyweight, Cable, Kettlebell, Bands, Swiss Ball",3,Weeks 9-12,,3,Week 11,,11,Workout A,27,,,Half-kneeling cable anti-rotation press,,1,Normal,10,10,15,,,,,,,,,
Booty-ful Beginnings,,12-week program for beginners.,12 weeks,Beginner,"Barbell, Dumbbell, Bodyweight, Cable, Kettlebell, Bands, Swiss Ball",3,Weeks 9-12,,3,Week 11,,11,Workout B,2,,A1,Bodyweight single-leg hip thrust,,3,Normal,10,10,20,,,,,,,,,
Booty-ful Beginnings,,12-week program for beginners.,12 weeks,Beginner,"Barbell, Dumbbell, Bodyweight, Cable, Kettlebell, Bands, Swiss Ball",3,Weeks 9-12,,3,Week 11,,11,Workout B,2,,A2,Chin-up (band assisted),,3,Normal,1,1,5,,,,,,,,,
Booty-ful Beginnings,,12-week program for beginners.,12 weeks,Beginner,"Barbell, Dumbbell, Bodyweight, Cable, Kettlebell, Bands, Swiss Ball",3,Weeks 9-12,,3,Week 11,,11,Workout B,2,,B1,Bodyweight Bulgarian split squat,,3,Normal,10,10,20,,,,,,,,,
Booty-ful Beginnings,,12-week program for beginners.,12 weeks,Beginner,"Barbell, Dumbbell, Bodyweight, Cable, Kettlebell, Bands, Swiss Ball",3,Weeks 9-12,,3,Week 11,,11,Workout B,2,,B2,Barbell military press,,3,Normal,8,8,12,,,,,,,,,
Booty-ful Beginnings,,12-week program for beginners.,12 weeks,Beginner,"Barbell, Dumbbell, Bodyweight, Cable, Kettlebell, Bands, Swiss Ball",3,Weeks 9-12,,3,Week 11,,11,Workout B,2,,,Good morning,,3,Normal,10,10,20,,,,,,,,,
Booty-ful Beginnings,,12-week program for beginners.,12 weeks,Beginner,"Barbell, Dumbbell, Bodyweight, Cable, Kettlebell, Bands, Swiss Ball",3,Weeks 9-12,,3,Week 11,,11,Workout B,2,,,X-band walk,,1,Normal,15,15,30,,,,,,,,,
Booty-ful Beginnings,,12-week program for beginners.,12 weeks,Beginner,"Barbell, Dumbbell, Bodyweight, Cable, Kettlebell, Bands, Swiss Ball",3,Weeks 9-12,,3,Week 11,,11,Workout B,2,,,Feet elevated plank,,1,Normal,60,60,120,,,,,,,,,
Booty-ful Beginnings,,12-week program for beginners.,12 weeks,Beginner,"Barbell, Dumbbell, Bodyweight, Cable, Kettlebell, Bands, Swiss Ball",3,Weeks 9-12,,3,Week 11,,11,Workout B,2,,,Dumbbell side bend,,1,Normal,15,15,30,,,,,,,,,
Booty-ful Beginnings,,12-week program for beginners.,12 weeks,Beginner,"Barbell, Dumbbell, Bodyweight, Cable, Kettlebell, Bands, Swiss Ball",3,Weeks 9-12,,3,Week 11,,11,Workout C,3,,A1,Barbell hip thrust (pause rep method),3 sec pause at top,3,Normal,8,8,15,,,,,,,,,
Booty-ful Beginnings,,12-week program for beginners.,12 weeks,Beginner,"Barbell, Dumbbell, Bodyweight, Cable, Kettlebell, Bands, Swiss Ball",3,Weeks 9-12,,3,Week 11,,11,Workout C,3,,A2,Dumbbell chest supported row,,3,Normal,8,8,12,,,,,,,,,
Booty-ful Beginnings,,12-week program for beginners.,12 weeks,Beginner,"Barbell, Dumbbell, Bodyweight, Cable, Kettlebell, Bands, Swiss Ball",3,Weeks 9-12,,3,Week 11,,11,Workout C,3,,B1,Barbell parallel squat,,3,Normal,10,10,20,,,,,,,,,
Booty-ful Beginnings,,12-week program for beginners.,12 weeks,Beginner,"Barbell, Dumbbell, Bodyweight, Cable, Kettlebell, Bands, Swiss Ball",3,Weeks 9-12,,3,Week 11,,11,Workout C,3,,B2,Barbell incline press,,3,Normal,8,8,12,,,,,,,,,
Booty-ful Beginnings,,12-week program for beginners.,12 weeks,Beginner,"Barbell, Dumbbell, Bodyweight, Cable, Kettlebell, Bands, Swiss Ball",3,Weeks 9-12,,3,Week 11,,11,Workout C,3,,,Bodyweight back extension,,3,Normal,10,10,30,,,,,,,,,
Booty-ful Beginnings,,12-week program for beginners.,12 weeks,Beginner,"Barbell, Dumbbell, Bodyweight, Cable, Kettlebell, Bands, Swiss Ball",3,Weeks 9-12,,3,Week 11,,11,Workout C,3,,,Side lying clam,,1,Normal,15,15,30,,,,,,,,,
Booty-ful Beginnings,,12-week program for beginners.,12 weeks,Beginner,"Barbell, Dumbbell, Bodyweight, Cable, Kettlebell, Bands, Swiss Ball",3,Weeks 9-12,,3,Week 11,,11,Workout C,3,,,Hanging leg raise,,1,Normal,10,10,20,,,,,,,,,
Booty-ful Beginnings,,12-week program for beginners.,12 weeks,Beginner,"Barbell, Dumbbell, Bodyweight, Cable, Kettlebell, Bands, Swiss Ball",3,Weeks 9-12,,3,Week 11,,11,Workout C,3,,,Rope horizontal chop,,1,Normal,10,10,15,,,,,,,,,
Booty-ful Beginnings,,12-week program for beginners.,12 weeks,Beginner,"Barbell, Dumbbell, Bodyweight, Cable, Kettlebell, Bands, Swiss Ball",3,Weeks 9-12,,3,Week 12,,12,Workout A,27,,A1,Barbell hip thrust,,3,Normal,10,10,20,,,,,,,,,
Booty-ful Beginnings,,12-week program for beginners.,12 weeks,Beginner,"Barbell, Dumbbell, Bodyweight, Cable, Kettlebell, Bands, Swiss Ball",3,Weeks 9-12,,3,Week 12,,12,Workout A,27,,A2,Dumbbell bent over row,,3,Normal,8,8,12,,,,,,,,,
Booty-ful Beginnings,,12-week program for beginners.,12 weeks,Beginner,"Barbell, Dumbbell, Bodyweight, Cable, Kettlebell, Bands, Swiss Ball",3,Weeks 9-12,,3,Week 12,,12,Workout A,27,,B1,Barbell box squat,,3,Normal,10,10,20,,,,,,,,,
Booty-ful Beginnings,,12-week program for beginners.,12 weeks,Beginner,"Barbell, Dumbbell, Bodyweight, Cable, Kettlebell, Bands, Swiss Ball",3,Weeks 9-12,,3,Week 12,,12,Workout A,27,,B2,Push-up,,3,Normal,3,3,10,,,,,,,,,
Booty-ful Beginnings,,12-week program for beginners.,12 weeks,Beginner,"Barbell, Dumbbell, Bodyweight, Cable, Kettlebell, Bands, Swiss Ball",3,Weeks 9-12,,3,Week 12,,12,Workout A,27,,,Barbell American deadlift,,3,Normal,10,10,20,,,,,,,,,
Booty-ful Beginnings,,12-week program for beginners.,12 weeks,Beginner,"Barbell, Dumbbell, Bodyweight, Cable, Kettlebell, Bands, Swiss Ball",3,Weeks 9-12,,3,Week 12,,12,Workout A,27,,,Side lying abduction,,1,Normal,15,15,30,,,,,,,,,
Booty-ful Beginnings,,12-week program for beginners.,12 weeks,Beginner,"Barbell, Dumbbell, Bodyweight, Cable, Kettlebell, Bands, Swiss Ball",3,Weeks 9-12,,3,Week 12,,12,Workout A,27,,,Dumbbell Swiss ball crunch,,1,Normal,15,15,30,,,,,,,,,
Booty-ful Beginnings,,12-week program for beginners.,12 weeks,Beginner,"Barbell, Dumbbell, Bodyweight, Cable, Kettlebell, Bands, Swiss Ball",3,Weeks 9-12,,3,Week 12,,12,Workout A,27,,,Half-kneeling cable anti-rotation press,,1,Normal,10,10,15,,,,,,,,,
Booty-ful Beginnings,,12-week program for beginners.,12 weeks,Beginner,"Barbell, Dumbbell, Bodyweight, Cable, Kettlebell, Bands, Swiss Ball",3,Weeks 9-12,,3,Week 12,,12,Workout B,2,,A1,Bodyweight single-leg hip thrust,,3,Normal,10,10,20,,,,,,,,,
Booty-ful Beginnings,,12-week program for beginners.,12 weeks,Beginner,"Barbell, Dumbbell, Bodyweight, Cable, Kettlebell, Bands, Swiss Ball",3,Weeks 9-12,,3,Week 12,,12,Workout B,2,,A2,Chin-up (band assisted),,3,Normal,1,1,5,,,,,,,,,
Booty-ful Beginnings,,12-week program for beginners.,12 weeks,Beginner,"Barbell, Dumbbell, Bodyweight, Cable, Kettlebell, Bands, Swiss Ball",3,Weeks 9-12,,3,Week 12,,12,Workout B,2,,B1,Bodyweight Bulgarian split squat,,3,Normal,10,10,20,,,,,,,,,
Booty-ful Beginnings,,12-week program for beginners.,12 weeks,Beginner,"Barbell, Dumbbell, Bodyweight, Cable, Kettlebell, Bands, Swiss Ball",3,Weeks 9-12,,3,Week 12,,12,Workout B,2,,B2,Barbell military press,,3,Normal,8,8,12,,,,,,,,,
Booty-ful Beginnings,,12-week program for beginners.,12 weeks,Beginner,"Barbell, Dumbbell, Bodyweight, Cable, Kettlebell, Bands, Swiss Ball",3,Weeks 9-12,,3,Week 12,,12,Workout B,2,,,Good morning,,3,Normal,10,10,20,,,,,,,,,
Booty-ful Beginnings,,12-week program for beginners.,12 weeks,Beginner,"Barbell, Dumbbell, Bodyweight, Cable, Kettlebell, Bands, Swiss Ball",3,Weeks 9-12,,3,Week 12,,12,Workout B,2,,,X-band walk,,1,Normal,15,15,30,,,,,,,,,
Booty-ful Beginnings,,12-week program for beginners.,12 weeks,Beginner,"Barbell, Dumbbell, Bodyweight, Cable, Kettlebell, Bands, Swiss Ball",3,Weeks 9-12,,3,Week 12,,12,Workout B,2,,,Feet elevated plank,,1,Normal,60,60,120,,,,,,,,,
Booty-ful Beginnings,,12-week program for beginners.,12 weeks,Beginner,"Barbell, Dumbbell, Bodyweight, Cable, Kettlebell, Bands, Swiss Ball",3,Weeks 9-12,,3,Week 12,,12,Workout B,2,,,Dumbbell side bend,,1,Normal,15,15,30,,,,,,,,,
Booty-ful Beginnings,,12-week program for beginners.,12 weeks,Beginner,"Barbell, Dumbbell, Bodyweight, Cable, Kettlebell, Bands, Swiss Ball",3,Weeks 9-12,,3,Week 12,,12,Workout C,3,,A1,Barbell hip thrust (pause rep method),3 sec pause at top,3,Normal,8,8,15,,,,,,,,,
Booty-ful Beginnings,,12-week program for beginners.,12 weeks,Beginner,"Barbell, Dumbbell, Bodyweight, Cable, Kettlebell, Bands, Swiss Ball",3,Weeks 9-12,,3,Week 12,,12,Workout C,3,,A2,Dumbbell chest supported row,,3,Normal,8,8,12,,,,,,,,,
Booty-ful Beginnings,,12-week program for beginners.,12 weeks,Beginner,"Barbell, Dumbbell, Bodyweight, Cable, Kettlebell, Bands, Swiss Ball",3,Weeks 9-12,,3,Week 12,,12,Workout C,3,,B1,Barbell parallel squat,,3,Normal,10,10,20,,,,,,,,,
Booty-ful Beginnings,,12-week program for beginners.,12 weeks,Beginner,"Barbell, Dumbbell, Bodyweight, Cable, Kettlebell, Bands, Swiss Ball",3,Weeks 9-12,,3,Week 12,,12,Workout C,3,,B2,Barbell incline press,,3,Normal,8,8,12,,,,,,,,,
Booty-ful Beginnings,,12-week program for beginners.,12 weeks,Beginner,"Barbell, Dumbbell, Bodyweight, Cable, Kettlebell, Bands, Swiss Ball",3,Weeks 9-12,,3,Week 12,,12,Workout C,3,,,Bodyweight back extension,,3,Normal,10,10,30,,,,,,,,,
Booty-ful Beginnings,,12-week program for beginners.,12 weeks,Beginner,"Barbell, Dumbbell, Bodyweight, Cable, Kettlebell, Bands, Swiss Ball",3,Weeks 9-12,,3,Week 12,,12,Workout C,3,,,Side lying clam,,1,Normal,15,15,30,,,,,,,,,
Booty-ful Beginnings,,12-week program for beginners.,12 weeks,Beginner,"Barbell, Dumbbell, Bodyweight, Cable, Kettlebell, Bands, Swiss Ball",3,Weeks 9-12,,3,Week 12,,12,Workout C,3,,,Hanging leg raise,,1,Normal,10,10,20,,,,,,,,,
Booty-ful Beginnings,,12-week program for beginners.,12 weeks,Beginner,"Barbell, Dumbbell, Bodyweight, Cable, Kettlebell, Bands, Swiss Ball",3,Weeks 9-12,,3,Week 12,,12,Workout C,3,,,Rope horizontal chop,,1,Normal,10,10,15,,,,,,,,,
