Weekly Schedule,Day,Day of Week,Muscle Group,Exercise,Week,Sets,Reps,Load,RPE
5 Days Per Week,Day 1,Monday,GLUTES (ACCESSORY),Seated band abcudction,1-8,3,15-20,N/A,8
5 Days Per Week,Day 2,Tuesday,QUADS COMPOUND,Barbell Squat,1-2,3,10-12,N/A,7-8
5 Days Per Week,Day 2,Tuesday,QUADS COMPOUND,Barbell Squat,3-4,3,8-10,N/A,8
5 Days Per Week,Day 2,Tuesday,QUADS COMPOUND,Barbell Squat,5-6,3,6-8,N/A,8-9
5 Days Per Week,Day 2,Tuesday,QUADS COMPOUND,Barbell Squat,7-8,3,5,N/A,9
5 Days Per Week,Day 2,Tuesday,HAMSTRINGS COMPOUND,Romanian Deadlift,1-2,3,10-12,N/A,7-8
5 Days Per Week,Day 2,Tuesday,HAMSTRINGS COMPOUND,Romanian Deadlift,3-4,3,8-10,N/A,8
5 Days Per Week,Day 2,Tuesday,HAMSTRINGS COMPOUND,Romanian Deadlift,5-6,3,6-8,N/A,8-9
5 Days Per Week,Day 2,Tuesday,HAMSTRINGS COMPOUND,Romanian Deadlift,7-8,3,5,N/A,9
5 Days Per Week,Day 2,Tuesday,VERTICAL PULL,Pull Up U/H,1-8,3,AMRAP,N/A,N/A
5 Days Per Week,Day 2,Tuesday,HORIZONTAL ROW,Seated Cable Row,1-2,3,10-12,N/A,7-8
5 Days Per Week,Day 2,Tuesday,HORIZONTAL ROW,Seated Cable Row,3-4,3,8-10,N/A,8
5 Days Per Week,Day 2,Tuesday,HORIZONTAL ROW,Seated Cable Row,5-6,3,6-8,N/A,8-9
5 Days Per Week,Day 2,Tuesday,HORIZONTAL ROW,Seated Cable Row,7-8,3,5,N/A,9
5 Days Per Week,Day 2,Tuesday,VERTICAL PUSH,Seated shoulder Press,1-2,3,10-12,N/A,7-8
5 Days Per Week,Day 2,Tuesday,VERTICAL PUSH,Seated shoulder Press,3-4,3,8-10,N/A,8
5 Days Per Week,Day 2,Tuesday,VERTICAL PUSH,Seated shoulder Press,5-6,3,6-8,N/A,8-9
5 Days Per Week,Day 2,Tuesday,VERTICAL PUSH,Seated shoulder Press,7-8,3,5,N/A,9
5 Days Per Week,Day 2,Tuesday,HORIZONTAL PUSH,Flat DB Press,1-2,3,10-12,N/A,7-8
5 Days Per Week,Day 2,Tuesday,HORIZONTAL PUSH,Flat DB Press,3-4,3,8-10,N/A,8
5 Days Per Week,Day 2,Tuesday,HORIZONTAL PUSH,Flat DB Press,5-6,3,6-8,N/A,8-9
5 Days Per Week,Day 2,Tuesday,HORIZONTAL PUSH,Flat DB Press,7-8,3,5,N/A,9
5 Days Per Week,Day 2,Tuesday,DELTS,DB Side Raise,1-2,3,12-15,N/A,8
5 Days Per Week,Day 2,Tuesday,DELTS,DB Side Raise,3-4,3,10-12,N/A,8
5 Days Per Week,Day 2,Tuesday,DELTS,DB Side Raise,5-6,3,8-10,N/A,9
5 Days Per Week,Day 2,Tuesday,DELTS,DB Side Raise,7-8,3,8,N/A,9
5 Days Per Week,Day 2,Tuesday,BICEPS,DB Curl,1-2,3,10-12,N/A,8
5 Days Per Week,Day 2,Tuesday,BICEPS,DB Curl,3-4,3,8-10,N/A,8
5 Days Per Week,Day 2,Tuesday,BICEPS,DB Curl,5-6,3,6-8,N/A,9
5 Days Per Week,Day 2,Tuesday,BICEPS,DB Curl,7-8,3,6,N/A,9
5 Days Per Week,Day 2,Tuesday,TRICEPS,Rope Push Down,1-2,3,10-12,N/A,8
5 Days Per Week,Day 2,Tuesday,TRICEPS,Rope Push Down,3-4,3,8-10,N/A,8
5 Days Per Week,Day 2,Tuesday,TRICEPS,Rope Push Down,5-6,3,6-8,N/A,9
5 Days Per Week,Day 2,Tuesday,TRICEPS,Rope Push Down,7-8,3,6,N/A,9
5 Days Per Week,Day 2,Tuesday,GLUTEs,BB hip thrust,1-2,3,10-12,N/A,8
5 Days Per Week,Day 2,Tuesday,GLUTEs,BB hip thrust,3-4,3,8-10,N/A,8
5 Days Per Week,Day 2,Tuesday,GLUTEs,BB hip thrust,5-6,3,6-8,N/A,9
5 Days Per Week,Day 2,Tuesday,GLUTEs,BB hip thrust,7-8,3,6,N/A,9
5 Days Per Week,Day 2,Tuesday,ABS,V Sit Up,1-8,3,15-20,N/A,8
5 Days Per Week,Day 2,Tuesday,GLUTES (ACCESSORY),Glute ick Back,1-8,3,15-20,N/A,8
5 Days Per Week,Day 3,Wednesday,QUADS COMPOUND,Leg Press,1-2,3,10-12,N/A,7-8
5 Days Per Week,Day 3,Wednesday,QUADS COMPOUND,Leg Press,3-4,3,8-10,N/A,8
5 Days Per Week,Day 3,Wednesday,QUADS COMPOUND,Leg Press,5-6,3,6-8,N/A,8-9
5 Days Per Week,Day 3,Wednesday,QUADS COMPOUND,Leg Press,7-8,3,5,N/A,9
5 Days Per Week,Day 3,Wednesday,HAMSTRINGS COMPOUND,Stiff Leg Deadlift,1-2,3,10-12,N/A,7-8
5 Days Per Week,Day 3,Wednesday,HAMSTRINGS COMPOUND,Stiff Leg Deadlift,3-4,3,8-10,N/A,8
5 Days Per Week,Day 3,Wednesday,HAMSTRINGS COMPOUND,Stiff Leg Deadlift,5-6,3,6-8,N/A,8-9
5 Days Per Week,Day 3,Wednesday,HAMSTRINGS COMPOUND,Stiff Leg Deadlift,7-8,3,5,N/A,9
5 Days Per Week,Day 3,Wednesday,VERTICAL PULL,Pull Up Mid,1-8,3,AMRAP,N/A,N/A
5 Days Per Week,Day 3,Wednesday,HORIZONTAL ROW,SA DB Row,1-2,3,10-12,N/A,7-8
5 Days Per Week,Day 3,Wednesday,HORIZONTAL ROW,SA DB Row,3-4,3,8-10,N/A,8
5 Days Per Week,Day 3,Wednesday,HORIZONTAL ROW,SA DB Row,5-6,3,6-8,N/A,8-9
5 Days Per Week,Day 3,Wednesday,HORIZONTAL ROW,SA DB Row,7-8,3,5,N/A,9
5 Days Per Week,Day 3,Wednesday,VERTICAL PUSH,Standing BB Press,1-2,3,10-12,N/A,7-8
5 Days Per Week,Day 3,Wednesday,VERTICAL PUSH,Standing BB Press,3-4,3,8-10,N/A,8
5 Days Per Week,Day 3,Wednesday,VERTICAL PUSH,Standing BB Press,5-6,3,6-8,N/A,8-9
5 Days Per Week,Day 3,Wednesday,VERTICAL PUSH,Standing BB Press,7-8,3,5,N/A,9
5 Days Per Week,Day 3,Wednesday,HORIZONTAL PUSH,Incline DB Press,1-2,3,10-12,N/A,7-8
5 Days Per Week,Day 3,Wednesday,HORIZONTAL PUSH,Incline DB Press,3-4,3,8-10,N/A,8
5 Days Per Week,Day 3,Wednesday,HORIZONTAL PUSH,Incline DB Press,5-6,3,6-8,N/A,8-9
5 Days Per Week,Day 3,Wednesday,HORIZONTAL PUSH,Incline DB Press,7-8,3,5,N/A,9
5 Days Per Week,Day 3,Wednesday,DELTS,Face Pull,1-2,3,12-15,N/A,8
5 Days Per Week,Day 3,Wednesday,DELTS,Face Pull,3-4,3,10-12,N/A,8
5 Days Per Week,Day 3,Wednesday,DELTS,Face Pull,5-6,3,8-10,N/A,9
5 Days Per Week,Day 3,Wednesday,DELTS,Face Pull,7-8,3,8,N/A,9
5 Days Per Week,Day 3,Wednesday,BICEPS,Hammer Curl,1-2,3,10-12,N/A,8
5 Days Per Week,Day 3,Wednesday,BICEPS,Hammer Curl,3-4,3,8-10,N/A,8
5 Days Per Week,Day 3,Wednesday,BICEPS,Hammer Curl,5-6,3,6-8,N/A,9
5 Days Per Week,Day 3,Wednesday,BICEPS,Hammer Curl,7-8,3,6,N/A,9
5 Days Per Week,Day 3,Wednesday,TRICEPS,CG Push Up,1-2,3,10-12,N/A,8
5 Days Per Week,Day 3,Wednesday,TRICEPS,CG Push Up,3-4,3,8-10,N/A,8
5 Days Per Week,Day 3,Wednesday,TRICEPS,CG Push Up,5-6,3,6-8,N/A,9
5 Days Per Week,Day 3,Wednesday,TRICEPS,CG Push Up,7-8,3,6,N/A,9
5 Days Per Week,Day 3,Wednesday,GLUTEs,Glute Bridge,1-2,3,10-12,N/A,8
5 Days Per Week,Day 3,Wednesday,GLUTEs,Glute Bridge,3-4,3,8-10,N/A,8
5 Days Per Week,Day 3,Wednesday,GLUTEs,Glute Bridge,5-6,3,6-8,N/A,9
5 Days Per Week,Day 3,Wednesday,GLUTEs,Glute Bridge,7-8,3,6,N/A,9
5 Days Per Week,Day 3,Wednesday,ABS,Cable Crunch,1-8,3,15-20,N/A,8
5 Days Per Week,Day 3,Wednesday,GLUTES (ACCESSORY),Crab Walk,1-8,3,15-20,N/A,8
5 Days Per Week,Day 4,Thursday,QUADS COMPOUND,Hack Squat,1-2,3,10-12,N/A,7-8
5 Days Per Week,Day 4,Thursday,QUADS COMPOUND,Hack Squat,3-4,3,8-10,N/A,8
5 Days Per Week,Day 4,Thursday,QUADS COMPOUND,Hack Squat,5-6,3,6-8,N/A,8-9
5 Days Per Week,Day 4,Thursday,QUADS COMPOUND,Hack Squat,7-8,3,5,N/A,9
5 Days Per Week,Day 4,Thursday,HAMSTRINGS COMPOUND,Conventional Deadlift,1-2,3,10-12,N/A,7-8
5 Days Per Week,Day 4,Thursday,HAMSTRINGS COMPOUND,Conventional Deadlift,3-4,3,8-10,N/A,8
5 Days Per Week,Day 4,Thursday,HAMSTRINGS COMPOUND,Conventional Deadlift,5-6,3,6-8,N/A,8-9
5 Days Per Week,Day 4,Thursday,HAMSTRINGS COMPOUND,Conventional Deadlift,7-8,3,5,N/A,9
5 Days Per Week,Day 4,Thursday,VERTICAL PULL,Chin Up,1-8,3,AMRAP,N/A,N/A
5 Days Per Week,Day 4,Thursday,HORIZONTAL ROW,Seated Cable Row,1-2,3,10-12,N/A,7-8
5 Days Per Week,Day 4,Thursday,HORIZONTAL ROW,Seated Cable Row,3-4,3,8-10,N/A,8
5 Days Per Week,Day 4,Thursday,HORIZONTAL ROW,Seated Cable Row,5-6,3,6-8,N/A,8-9
5 Days Per Week,Day 4,Thursday,HORIZONTAL ROW,Seated Cable Row,7-8,3,5,N/A,9
5 Days Per Week,Day 4,Thursday,VERTICAL PUSH,DB Shoulder Press,1-2,3,10-12,N/A,7-8
5 Days Per Week,Day 4,Thursday,VERTICAL PUSH,DB Shoulder Press,3-4,3,8-10,N/A,8
5 Days Per Week,Day 4,Thursday,VERTICAL PUSH,DB Shoulder Press,5-6,3,6-8,N/A,8-9
5 Days Per Week,Day 4,Thursday,VERTICAL PUSH,DB Shoulder Press,7-8,3,5,N/A,9
5 Days Per Week,Day 4,Thursday,HORIZONTAL PUSH,DB Bench Press,1-2,3,10-12,N/A,7-8
5 Days Per Week,Day 4,Thursday,HORIZONTAL PUSH,DB Bench Press,3-4,3,8-10,N/A,8
5 Days Per Week,Day 4,Thursday,HORIZONTAL PUSH,DB Bench Press,5-6,3,6-8,N/A,8-9
5 Days Per Week,Day 4,Thursday,HORIZONTAL PUSH,DB Bench Press,7-8,3,5,N/A,9
5 Days Per Week,Day 4,Thursday,DELTS,DB Side Raise,1-2,3,12-15,N/A,8
5 Days Per Week,Day 4,Thursday,DELTS,DB Side Raise,3-4,3,10-12,N/A,8
5 Days Per Week,Day 4,Thursday,DELTS,DB Side Raise,5-6,3,8-10,N/A,9
5 Days Per Week,Day 4,Thursday,DELTS,DB Side Raise,7-8,3,8,N/A,9
5 Days Per Week,Day 4,Thursday,BICEPS,Barbell Curl,1-2,3,10-12,N/A,8
5 Days Per Week,Day 4,Thursday,BICEPS,Barbell Curl,3-4,3,8-10,N/A,8
5 Days Per Week,Day 4,Thursday,BICEPS,Barbell Curl,5-6,3,6-8,N/A,9
5 Days Per Week,Day 4,Thursday,BICEPS,Barbell Curl,7-8,3,6,N/A,9
5 Days Per Week,Day 4,Thursday,TRICEPS,Tricep Extensions,1-2,3,10-12,N/A,8
5 Days Per Week,Day 4,Thursday,TRICEPS,Tricep Extensions,3-4,3,8-10,N/A,8
5 Days Per Week,Day 4,Thursday,TRICEPS,Tricep Extensions,5-6,3,6-8,N/A,9
5 Days Per Week,Day 4,Thursday,TRICEPS,Tricep Extensions,7-8,3,6,N/A,9
5 Days Per Week,Day 4,Thursday,GLUTEs,BB hip thrust,1-2,3,10-12,N/A,8
5 Days Per Week,Day 4,Thursday,GLUTEs,BB hip thrust,3-4,3,8-10,N/A,8
5 Days Per Week,Day 4,Thursday,GLUTEs,BB hip thrust,5-6,3,6-8,N/A,9
5 Days Per Week,Day 4,Thursday,GLUTEs,BB hip thrust,7-8,3,6,N/A,9
5 Days Per Week,Day 4,Thursday,ABS,Hanging Leg Raise,1-8,3,15-20,N/A,8
5 Days Per Week,Day 4,Thursday,GLUTES (ACCESSORY),Glute Abduction,1-8,3,15-20,N/A,8
5 Days Per Week,Day 5,Friday,QUADS COMPOUND,Barbell Lunge,1-2,3,10-12,N/A,7-8
5 Days Per Week,Day 5,Friday,QUADS COMPOUND,Barbell Lunge,3-4,3,8-10,N/A,8
5 Days Per Week,Day 5,Friday,QUADS COMPOUND,Barbell Lunge,5-6,3,6-8,N/A,8-9
5 Days Per Week,Day 5,Friday,QUADS COMPOUND,Barbell Lunge,7-8,3,5,N/A,9
5 Days Per Week,Day 5,Friday,QUADS COMPOUND,Leg Extension,1-2,3,12-15,N/A,8
5 Days Per Week,Day 5,Friday,QUADS COMPOUND,Leg Extension,3-4,3,10-12,N/A,8
5 Days Per Week,Day 5,Friday,QUADS COMPOUND,Leg Extension,5-6,3,8-10,N/A,9
5 Days Per Week,Day 5,Friday,QUADS COMPOUND,Leg Extension,7-8,3,8,N/A,9
5 Days Per Week,Day 5,Friday,HORIZONTAL ROW,DB Row,1-2,3,10-12,N/A,7-8
5 Days Per Week,Day 5,Friday,HORIZONTAL ROW,DB Row,3-4,3,8-10,N/A,8
5 Days Per Week,Day 5,Friday,HORIZONTAL ROW,DB Row,5-6,3,6-8,N/A,8-9
5 Days Per Week,Day 5,Friday,HORIZONTAL ROW,DB Row,7-8,3,5,N/A,9
5 Days Per Week,Day 5,Friday,HORIZONTAL PUSH,Incline DB Press,1-2,3,10-12,N/A,7-8
5 Days Per Week,Day 5,Friday,HORIZONTAL PUSH,Incline DB Press,3-4,3,8-10,N/A,8
5 Days Per Week,Day 5,Friday,HORIZONTAL PUSH,Incline DB Press,5-6,3,6-8,N/A,8-9
5 Days Per Week,Day 5,Friday,HORIZONTAL PUSH,Incline DB Press,7-8,3,5,N/A,9
5 Days Per Week,Day 5,Friday,DELTS,Face Pull,1-2,3,12-15,N/A,8
5 Days Per Week,Day 5,Friday,DELTS,Face Pull,3-4,3,10-12,N/A,8
5 Days Per Week,Day 5,Friday,DELTS,Face Pull,5-6,3,8-10,N/A,9
5 Days Per Week,Day 5,Friday,DELTS,Face Pull,7-8,3,8,N/A,9
5 Days Per Week,Day 5,Friday,BICEPS,DB Curl,1-2,3,10-12,N/A,8
5 Days Per Week,Day 5,Friday,BICEPS,DB Curl,3-4,3,8-10,N/A,8
5 Days Per Week,Day 5,Friday,BICEPS,DB Curl,5-6,3,6-8,N/A,9
5 Days Per Week,Day 5,Friday,BICEPS,DB Curl,7-8,3,6,N/A,9
5 Days Per Week,Day 5,Friday,TRICEPS,Dips,1-2,3,10-12,N/A,8
5 Days Per Week,Day 5,Friday,TRICEPS,Dips,3-4,3,8-10,N/A,8
5 Days Per Week,Day 5,Friday,TRICEPS,Dips,5-6,3,6-8,N/A,9
5 Days Per Week,Day 5,Friday,TRICEPS,Dips,7-8,3,6,N/A,9
5 Days Per Week,Day 5,Friday,GLUTEs,Glute Bridge,1-2,3,10-12,N/A,8
5 Days Per Week,Day 5,Friday,GLUTEs,Glute Bridge,3-4,3,8-10,N/A,8
5 Days Per Week,Day 5,Friday,GLUTEs,Glute Bridge,5-6,3,6-8,N/A,9
5 Days Per Week,Day 5,Friday,GLUTEs,Glute Bridge,7-8,3,6,N/A,9
5 Days Per Week,Day 5,Friday,ABS,Ab Rollout,1-8,3,15-20,N/A,8
5 Days Per Week,Day 5,Friday,QUADS COMPOUND,Seated Calf Raise,1-2,3,15-20,N/A,8
5 Days Per Week,Day 5,Friday,QUADS COMPOUND,Seated Calf Raise,3-4,3,12-15,N/A,8
5 Days Per Week,Day 5,Friday,QUADS COMPOUND,Seated Calf Raise,5-6,3,10-12,N/A,9
5 Days Per Week,Day 5,Friday,QUADS COMPOUND,Seated Calf Raise,7-8,3,10,N/A,9
5 Days Per Week,Day 5,Friday,QUADS COMPOUND,BB Calf Raise,1-2,3,15-20,N/A,8
5 Days Per Week,Day 5,Friday,QUADS COMPOUND,BB Calf Raise,3-4,3,12-15,N/A,8
5 Days Per Week,Day 5,Friday,QUADS COMPOUND,BB Calf Raise,5-6,3,10-12,N/A,9
5 Days Per Week,Day 5,Friday,QUADS COMPOUND,BB Calf Raise,7-8,3,10,N/A,9
