"Program Name","Program Arthur","Program Description","Program Length","Program Level","Program Equipment","Days Per Week","Mesocycle Name","Mesocycle Description","Mesocycle Order","Microcycle Name","Microcycle Description","Microcycle Order","Workout Name","Workout Day","Workout Notes","Exercise Name","Sets","Set Type","Target Repetitions","Target Min Repetitions","Target Max Repetitions","Target Weight (lbs)","Target Weight (kg)","Weight Increment (lbs)","Weight Increment (kg)","Target RPE","Target RIR","Percentage of 1RM","Progression Scheme ID","Advanced Exercise Sets"
"Novice Program","Bret Contreras","A program designed for beginners focusing on basic movements to build a solid foundation.","12 weeks","Novice","Bodyweight, dumbbells, resistance band","4","Weeks 1-4","Bodyweight exercises to get accustomed to foundational movements.","1","Week 1-4","Days 1 and 3 are repeated; Days 2 and 4 are repeated.","1","Workout Day 1","Day 1, 3","","Bodyweight Feet-Elevated Glute Bridge","3","Straight Set","20","","","","","","","","","",""
"Novice Program","Bret Contreras","A program designed for beginners focusing on basic movements to build a solid foundation.","12 weeks","Novice","Bodyweight, dumbbells, resistance band","4","Weeks 1-4","Bodyweight exercises to get accustomed to foundational movements.","1","Week 1-4","Days 1 and 3 are repeated; Days 2 and 4 are repeated.","1","Workout Day 1","Day 1, 3","","Bodyweight Torso-Elevated Push-up","3","Straight Set","10","","","","","","","","","",""
"Novice Program","Bret Contreras","A program designed for beginners focusing on basic movements to build a solid foundation.","12 weeks","Novice","Bodyweight, dumbbells, resistance band","4","Weeks 1-4","Bodyweight exercises to get accustomed to foundational movements.","1","Week 1-4","Days 1 and 3 are repeated; Days 2 and 4 are repeated.","1","Workout Day 1","Day 1, 3","","Bodyweight Parallel Box Squat","3","Straight Set","20","","","","","","","","","",""
"Novice Program","Bret Contreras","A program designed for beginners focusing on basic movements to build a solid foundation.","12 weeks","Novice","Bodyweight, dumbbells, resistance band","4","Weeks 1-4","Bodyweight exercises to get accustomed to foundational movements.","1","Week 1-4","Days 1 and 3 are repeated; Days 2 and 4 are repeated.","1","Workout Day 1","Day 1, 3","","Bodyweight Inverted Row","3","Straight Set","10","","","","","","","","","",""
"Novice Program","Bret Contreras","A program designed for beginners focusing on basic movements to build a solid foundation.","12 weeks","Novice","Bodyweight, dumbbells, resistance band","4","Weeks 1-4","Bodyweight exercises to get accustomed to foundational movements.","1","Week 1-4","Days 1 and 3 are repeated; Days 2 and 4 are repeated.","1","Workout Day 1","Day 1, 3","","Bodyweight Side-Lying Clam","3","Straight Set","20","","","","","","","","","",""
"Novice Program","Bret Contreras","A program designed for beginners focusing on basic movements to build a solid foundation.","12 weeks","Novice","Bodyweight, dumbbells, resistance band","4","Weeks 1-4","Bodyweight exercises to get accustomed to foundational movements.","1","Week 1-4","Days 1 and 3 are repeated; Days 2 and 4 are repeated.","1","Workout Day 1","Day 1, 3","","Bodyweight Side Plank","2","Straight Set","20 sec","","","","","","","","","",""
"Novice Program","Bret Contreras","A program designed for beginners focusing on basic movements to build a solid foundation.","12 weeks","Novice","Bodyweight, dumbbells, resistance band","4","Weeks 1-4","Bodyweight exercises to get accustomed to foundational movements.","1","Week 1-4","Days 2 and 4 are repeated.","2","Workout Day 2","Day 2, 4","","Bodyweight Glute Bridge","3","Straight Set","20","","","","","","","","","",""
"Novice Program","Bret Contreras","A program designed for beginners focusing on basic movements to build a solid foundation.","12 weeks","Novice","Bodyweight, dumbbells, resistance band","4","Weeks 1-4","Bodyweight exercises to get accustomed to foundational movements.","1","Week 1-4","Days 2 and 4 are repeated.","2","Workout Day 2","Day 2, 4","","Bodyweight Knee Push-up","3","Straight Set","10","","","","","","","","","",""
"Novice Program","Bret Contreras","A program designed for beginners focusing on basic movements to build a solid foundation.","12 weeks","Novice","Bodyweight, dumbbells, resistance band","4","Weeks 1-4","Bodyweight exercises to get accustomed to foundational movements.","1","Week 1-4","Days 2 and 4 are repeated.","2","Workout Day 2","Day 2, 4","","Bodyweight Medium Step-up","3","Straight Set","10 each leg","","","","","","","","","",""
"Novice Program","Bret Contreras","A program designed for beginners focusing on basic movements to build a solid foundation.","12 weeks","Novice","Bodyweight, dumbbells, resistance band","4","Weeks 1-4","Bodyweight exercises to get accustomed to foundational movements.","1","Week 1-4","Days 2 and 4 are repeated.","2","Workout Day 2","Day 2, 4","","Bodyweight Bent-Over YTWL","3","Straight Set","10","","","","","","","","","",""
"Novice Program","Bret Contreras","A program designed for beginners focusing on basic movements to build a solid foundation.","12 weeks","Novice","Bodyweight, dumbbells, resistance band","4","Weeks 1-4","Bodyweight exercises to get accustomed to foundational movements.","1","Week 1-4","Days 2 and 4 are repeated.","2","Workout Day 2","Day 2, 4","","Bodyweight Side-Lying Hip Abduction","3","Straight Set","20","","","","","","","","","",""
"Novice Program","Bret Contreras","A program designed for beginners focusing on basic movements to build a solid foundation.","12 weeks","Novice","Bodyweight, dumbbells, resistance band","4","Weeks 1-4","Bodyweight exercises to get accustomed to foundational movements.","1","Week 1-4","Days 2 and 4 are repeated.","2","Workout Day 2","Day 2, 4","","Bodyweight Plank","2","Straight Set","40 sec","","","","","","","","","",""
"Novice Program","Bret Contreras","A program designed for beginners focusing on basic movements to build a solid foundation.","12 weeks","Novice","Bodyweight, dumbbells, resistance band","4","Weeks 5-8","Builds on the first phase with slightly more advanced variations and basic equipment.","2","Week 5-8","Days 1 and 3 are repeated; Days 2 and 4 are repeated.","3","Workout Day 1","Day 1, 3","","Bodyweight Knee-Banded Glute Bridge","3","Straight Set","20","","","","","","","","","",""
"Novice Program","Bret Contreras","A program designed for beginners focusing on basic movements to build a solid foundation.","12 weeks","Novice","Bodyweight, dumbbells, resistance band","4","Weeks 5-8","Builds on the first phase with slightly more advanced variations and basic equipment.","2","Week 5-8","Days 1 and 3 are repeated; Days 2 and 4 are repeated.","3","Workout Day 1","Day 1, 3","","Bodyweight Eccentric Push-up","3","Straight Set","5","","","","","","","","","",""
"Novice Program","Bret Contreras","A program designed for beginners focusing on basic movements to build a solid foundation.","12 weeks","Novice","Bodyweight, dumbbells, resistance band","4","Weeks 5-8","Builds on the first phase with slightly more advanced variations and basic equipment.","2","Week 5-8","Days 1 and 3 are repeated; Days 2 and 4 are repeated.","3","Workout Day 1","Day 1, 3","","Goblet Parallel Box Squat","3","Straight Set","20","","","","","","","","","",""
"Novice Program","Bret Contreras","A program designed for beginners focusing on basic movements to build a solid foundation.","12 weeks","Novice","Bodyweight, dumbbells, resistance band","4","Weeks 5-8","Builds on the first phase with slightly more advanced variations and basic equipment.","2","Week 5-8","Days 1 and 3 are repeated; Days 2 and 4 are repeated.","3","Workout Day 1","Day 1, 3","","Bodyweight Eccentric Chin-up","3","Straight Set","3","","","","","","","","","",""
"Novice Program","Bret Contreras","A program designed for beginners focusing on basic movements to build a solid foundation.","12 weeks","Novice","Bodyweight, dumbbells, resistance band","4","Weeks 5-8","Builds on the first phase with slightly more advanced variations and basic equipment.","2","Week 5-8","Days 1 and 3 are repeated; Days 2 and 4 are repeated.","3","Workout Day 1","Day 1, 3","","Banded Seated Hip Abduction","3","Straight Set","30","","","","","","","","","",""
"Novice Program","Bret Contreras","A program designed for beginners focusing on basic movements to build a solid foundation.","12 weeks","Novice","Bodyweight, dumbbells, resistance band","4","Weeks 5-8","Builds on the first phase with slightly more advanced variations and basic equipment.","2","Week 5-8","Days 1 and 3 are repeated; Days 2 and 4 are repeated.","3","Workout Day 1","Day 1, 3","","Bodyweight Side Plank","2","Straight Set","40 sec","","","","","","","","","",""
"Novice Program","Bret Contreras","A program designed for beginners focusing on basic movements to build a solid foundation.","12 weeks","Novice","Bodyweight, dumbbells, resistance band","4","Weeks 5-8","Builds on the first phase with slightly more advanced variations and basic equipment.","2","Week 5-8","Days 2 and 4 are repeated.","4","Workout Day 2","Day 2, 4","","Bodyweight Hip Thrust","3","Straight Set","20","","","","","","","","","",""
"Novice Program","Bret Contreras","A program designed for beginners focusing on basic movements to build a solid foundation.","12 weeks","Novice","Bodyweight, dumbbells, resistance band","4","Weeks 5-8","Builds on the first phase with slightly more advanced variations and basic equipment.","2","Week 5-8","Days 2 and 4 are repeated.","4","Workout Day 2","Day 2, 4","","Dumbbell Standing Shoulder Press","3","Straight Set","10","","","","","","","","","",""
"Novice Program","Bret Contreras","A program designed for beginners focusing on basic movements to build a solid foundation.","12 weeks","Novice","Bodyweight, dumbbells, resistance band","4","Weeks 5-8","Builds on the first phase with slightly more advanced variations and basic equipment.","2","Week 5-8","Days 2 and 4 are repeated.","4","Workout Day 2","Day 2, 4","","Bodyweight Reverse Lunge","3","Straight Set","10 each leg","","","","","","","","","",""
"Novice Program","Bret Contreras","A program designed for beginners focusing on basic movements to build a solid foundation.","12 weeks","Novice","Bodyweight, dumbbells, resistance band","4","Weeks 5-8","Builds on the first phase with slightly more advanced variations and basic equipment.","2","Week 5-8","Days 2 and 4 are repeated.","4","Workout Day 2","Day 2, 4","","Dumbbell One-Arm Row","3","Straight Set","10","","","","","","","","","",""
"Novice Program","Bret Contreras","A program designed for beginners focusing on basic movements to build a solid foundation.","12 weeks","Novice","Bodyweight, dumbbells, resistance band","4","Weeks 5-8","Builds on the first phase with slightly more advanced variations and basic equipment.","2","Week 5-8","Days 2 and 4 are repeated.","4","Workout Day 2","Day 2, 4","","Bodyweight Extra-Range Side-Lying Hip Abduction","3","Straight Set","20","","","","","","","","","",""
"Novice Program","Bret Contreras","A program designed for beginners focusing on basic movements to build a solid foundation.","12 weeks","Novice","Bodyweight, dumbbells, resistance band","4","Weeks 5-8","Builds on the first phase with slightly more advanced variations and basic equipment.","2","Week 5-8","Days 2 and 4 are repeated.","4","Workout Day 2","Day 2, 4","","Bodyweight RKC Plank","2","Straight Set","20 sec","","","","","","","","","",""
"Novice Program","Bret Contreras","A program designed for beginners focusing on basic movements to build a solid foundation.","12 weeks","Novice","Bodyweight, dumbbells, resistance band","4","Weeks 9-12","Incorporates additional basic equipment and more advanced exercises.","3","Week 9-12","Days 1 and 3 are repeated; Days 2 and 4 are repeated.","5","Workout Day 1","Day 1, 3","","Single-Leg Hip Thrust","3","Straight Set","10","","","","","","","","","",""
"Novice Program","Bret Contreras","A program designed for beginners focusing on basic movements to build a solid foundation.","12 weeks","Novice","Bodyweight, dumbbells, resistance band","4","Weeks 9-12","Incorporates additional basic equipment and more advanced exercises.","3","Week 9-12","Days 1 and 3 are repeated; Days 2 and 4 are repeated.","5","Workout Day 1","Day 1, 3","","Bodyweight Push-up","3","Straight Set","3","","","","","","","","","",""
"Novice Program","Bret Contreras","A program designed for beginners focusing on basic movements to build a solid foundation.","12 weeks","Novice","Bodyweight, dumbbells, resistance band","4","Weeks 9-12","Incorporates additional basic equipment and more advanced exercises.","3","Week 9-12","Days 1 and 3 are repeated; Days 2 and 4 are repeated.","5","Workout Day 1","Day 1, 3","","Goblet Deep Squat","3","Straight Set","20","","","","","","","","","",""
"Novice Program","Bret Contreras","A program designed for beginners focusing on basic movements to build a solid foundation.","12 weeks","Novice","Bodyweight, dumbbells, resistance band","4","Weeks 9-12","Incorporates additional basic equipment and more advanced exercises.","3","Week 9-12","Days 1 and 3 are repeated; Days 2 and 4 are repeated.","5","Workout Day 1","Day 1, 3","","Bodyweight Chin-up","3","Straight Set","1","","","","","","","","","",""
"Novice Program","Bret Contreras","A program designed for beginners focusing on basic movements to build a solid foundation.","12 weeks","Novice","Bodyweight, dumbbells, resistance band","4","Weeks 9-12","Incorporates additional basic equipment and more advanced exercises.","3","Week 9-12","Days 1 and 3 are repeated; Days 2 and 4 are repeated.","5","Workout Day 1","Day 1, 3","","Dumbbell Romanian Deadlift","3","Straight Set","10","","","","","","","","","",""
"Novice Program","Bret Contreras","A program designed for beginners focusing on basic movements to build a solid foundation.","12 weeks","Novice","Bodyweight, dumbbells, resistance band","4","Weeks 9-12","Incorporates additional basic equipment and more advanced exercises.","3","Week 9-12","Days 1 and 3 are repeated; Days 2 and 4 are repeated.","5","Workout Day 1","Day 1, 3","","Banded Seated Hip Abduction","3","Straight Set","30","","","","","","","","","",""
"Novice Program","Bret Contreras","A program designed for beginners focusing on basic movements to build a solid foundation.","12 weeks","Novice","Bodyweight, dumbbells, resistance band","4","Weeks 9-12","Incorporates additional basic equipment and more advanced exercises.","3","Week 9-12","Days 1 and 3 are repeated; Days 2 and 4 are repeated.","5","Workout Day 1","Day 1, 3","","Bodyweight Side Plank","2","Straight Set","1 min","","","","","","","","","",""
"Novice Program","Bret Contreras","A program designed for beginners focusing on basic movements to build a solid foundation.","12 weeks","Novice","Bodyweight, dumbbells, resistance band","4","Weeks 9-12","Incorporates additional basic equipment and more advanced exercises.","3","Week 9-12","Days 2 and 4 are repeated.","6","Workout Day 2","Day 2, 4","","Dumbbell Hip Thrust","3","Straight Set","20","","","","","","","","","",""
"Novice Program","Bret Contreras","A program designed for beginners focusing on basic movements to build a solid foundation.","12 weeks","Novice","Bodyweight, dumbbells, resistance band","4","Weeks 9-12","Incorporates additional basic equipment and more advanced exercises.","3","Week 9-12","Days 2 and 4 are repeated.","6","Workout Day 2","Day 2, 4","","Dumbbell Bench Press","3","Straight Set","10","","","","","","","","","",""
"Novice Program","Bret Contreras","A program designed for beginners focusing on basic movements to build a solid foundation.","12 weeks","Novice","Bodyweight, dumbbells, resistance band","4","Weeks 9-12","Incorporates additional basic equipment and more advanced exercises.","3","Week 9-12","Days 2 and 4 are repeated.","6","Workout Day 2","Day 2, 4","","Bodyweight Bulgarian Split Squat","3","Straight Set","10 each leg","","","","","","","","","",""
"Novice Program","Bret Contreras","A program designed for beginners focusing on basic movements to build a solid foundation.","12 weeks","Novice","Bodyweight, dumbbells, resistance band","4","Weeks 9-12","Incorporates additional basic equipment and more advanced exercises.","3","Week 9-12","Days 2 and 4 are repeated.","6","Workout Day 2","Day 2, 4","","Dumbbell Chest-Supported Row","3","Straight Set","10","","","","","","","","","",""
"Novice Program","Bret Contreras","A program designed for beginners focusing on basic movements to build a solid foundation.","12 weeks","Novice","Bodyweight, dumbbells, resistance band","4","Weeks 9-12","Incorporates additional basic equipment and more advanced exercises.","3","Week 9-12","Days 2 and 4 are repeated.","6","Workout Day 2","Day 2, 4","","Dumbbell Single-Leg RDL","3","Straight Set","10","","","","","","","","","",""
"Novice Program","Bret Contreras","A program designed for beginners focusing on basic movements to build a solid foundation.","12 weeks","Novice","Bodyweight, dumbbells, resistance band","4","Weeks 9-12","Incorporates additional basic equipment and more advanced exercises.","3","Week 9-12","Days 2 and 4 are repeated.","6","Workout Day 2","Day 2, 4","","Bodyweight Side-Lying Hip Raise","3","Straight Set","10","","","","","","","","","",""
"Novice Program","Bret Contreras","A program designed for beginners focusing on basic movements to build a solid foundation.","12 weeks","Novice","Bodyweight, dumbbells, resistance band","4","Weeks 9-12","Incorporates additional basic equipment and more advanced exercises.","3","Week 9-12","Days 2 and 4 are repeated.","6","Workout Day 2","Day 2, 4","","Bodyweight RKC Plank","2","Straight Set","30 sec","","","","","","","","","",""
"Intermediate Program","Bret Contreras","A program for intermediate lifters focused on greater loading and barbell movements.","12 weeks","Intermediate","Barbell, plates, Glute Loop, adjustable bench, squat rack, chin-up bar, rings, dumbbells, 45-degree hyper, cable column","4","Weeks 1-4","Focuses on the hip thrust and military press.","1","Week 1-4","First 4 weeks of the intermediate program.","1","Workout Day 1","Day 1","","Barbell Hip Thrust Pyramid","1","Pyramid","10, 8, 6, 15","","","","","","","","","",""
"Intermediate Program","Bret Contreras","A program for intermediate lifters focused on greater loading and barbell movements.","12 weeks","Intermediate","Barbell, plates, Glute Loop, adjustable bench, squat rack, chin-up bar, rings, dumbbells, 45-degree hyper, cable column","4","Weeks 1-4","Focuses on the hip thrust and military press.","1","Week 1-4","First 4 weeks of the intermediate program.","1","Workout Day 1","Day 1","","Military Press Pyramid","1","Pyramid","10, 8, 6, 15","","","","","","","","","",""
"Intermediate Program","Bret Contreras","A program for intermediate lifters focused on greater loading and barbell movements.","12 weeks","Intermediate","Barbell, plates, Glute Loop, adjustable bench, squat rack, chin-up bar, rings, dumbbells, 45-degree hyper, cable column","4","Weeks 1-4","Focuses on the hip thrust and military press.","1","Week 1-4","First 4 weeks of the intermediate program.","1","Workout Day 1","Day 1","","Back Squat","3","Straight Set","6","","","","","","","","","",""
"Intermediate Program","Bret Contreras","A program for intermediate lifters focused on greater loading and barbell movements.","12 weeks","Intermediate","Barbell, plates, Glute Loop, adjustable bench, squat rack, chin-up bar, rings, dumbbells, 45-degree hyper, cable column","4","Weeks 1-4","Focuses on the hip thrust and military press.","1","Week 1-4","First 4 weeks of the intermediate program.","1","Workout Day 1","Day 1","","Chin-up","3","Straight Set","AMRAP","","","","","","","","","",""
"Intermediate Program","Bret Contreras","A program for intermediate lifters focused on greater loading and barbell movements.","12 weeks","Intermediate","Barbell, plates, Glute Loop, adjustable bench, squat rack, chin-up bar, rings, dumbbells, 45-degree hyper, cable column","4","Weeks 1-4","Focuses on the hip thrust and military press.","1","Week 1-4","First 4 weeks of the intermediate program.","1","Workout Day 1","Day 1","","Gliding Leg Curl","3","Straight Set","10","","","","","","","","","",""
"Intermediate Program","Bret Contreras","A program for intermediate lifters focused on greater loading and barbell movements.","12 weeks","Intermediate","Barbell, plates, Glute Loop, adjustable bench, squat rack, chin-up bar, rings, dumbbells, 45-degree hyper, cable column","4","Weeks 1-4","Focuses on the hip thrust and military press.","1","Week 1-4","First 4 weeks of the intermediate program.","1","Workout Day 1","Day 1","","Lateral Band Walk","2","Straight Set","20","","","","","","","","","",""
"Intermediate Program","Bret Contreras","A program for intermediate lifters focused on greater loading and barbell movements.","12 weeks","Intermediate","Barbell, plates, Glute Loop, adjustable bench, squat rack, chin-up bar, rings, dumbbells, 45-degree hyper, cable column","4","Weeks 1-4","Focuses on the hip thrust and military press.","1","Week 1-4","First 4 weeks of the intermediate program.","2","Workout Day 2","Day 2","","Knee-Banded Bodyweight Glute Bridge","3","Straight Set","30","","","","","","","","","",""
"Intermediate Program","Bret Contreras","A program for intermediate lifters focused on greater loading and barbell movements.","12 weeks","Intermediate","Barbell, plates, Glute Loop, adjustable bench, squat rack, chin-up bar, rings, dumbbells, 45-degree hyper, cable column","4","Weeks 1-4","Focuses on the hip thrust and military press.","1","Week 1-4","First 4 weeks of the intermediate program.","2","Workout Day 2","Day 2","","Push-up","3","Straight Set","AMRAP","","","","","","","","","",""
"Intermediate Program","Bret Contreras","A program for intermediate lifters focused on greater loading and barbell movements.","12 weeks","Intermediate","Barbell, plates, Glute Loop, adjustable bench, squat rack, chin-up bar, rings, dumbbells, 45-degree hyper, cable column","4","Weeks 1-4","Focuses on the hip thrust and military press.","1","Week 1-4","First 4 weeks of the intermediate program.","2","Workout Day 2","Day 2","","Dumbbell Stiff-Leg Deadlift","3","Straight Set","10","","","","","","","","","",""
"Intermediate Program","Bret Contreras","A program for intermediate lifters focused on greater loading and barbell movements.","12 weeks","Intermediate","Barbell, plates, Glute Loop, adjustable bench, squat rack, chin-up bar, rings, dumbbells, 45-degree hyper, cable column","4","Weeks 1-4","Focuses on the hip thrust and military press.","1","Week 1-4","First 4 weeks of the intermediate program.","2","Workout Day 2","Day 2","","Seated Row","3","Straight Set","12","","","","","","","","","",""
"Intermediate Program","Bret Contreras","A program for intermediate lifters focused on greater loading and barbell movements.","12 weeks","Intermediate","Barbell, plates, Glute Loop, adjustable bench, squat rack, chin-up bar, rings, dumbbells, 45-degree hyper, cable column","4","Weeks 1-4","Focuses on the hip thrust and military press.","1","Week 1-4","First 4 weeks of the intermediate program.","2","Workout Day 2","Day 2","","Bodyweight High Step-up","3","Straight Set","10","","","","","","","","","",""
"Intermediate Program","Bret Contreras","A program for intermediate lifters focused on greater loading and barbell movements.","12 weeks","Intermediate","Barbell, plates, Glute Loop, adjustable bench, squat rack, chin-up bar, rings, dumbbells, 45-degree hyper, cable column","4","Weeks 1-4","Focuses on the hip thrust and military press.","1","Week 1-4","First 4 weeks of the intermediate program.","2","Workout Day 2","Day 2","","Banded Fire Hydrant","2","Straight Set","12","","","","","","","","","",""
"Intermediate Program","Bret Contreras","A program for intermediate lifters focused on greater loading and barbell movements.","12 weeks","Intermediate","Barbell, plates, Glute Loop, adjustable bench, squat rack, chin-up bar, rings, dumbbells, 45-degree hyper, cable column","4","Weeks 1-4","Focuses on the hip thrust and military press.","1","Week 1-4","First 4 weeks of the intermediate program.","3","Workout Day 3","Day 3","","Knee-Banded Constant Tension Barbell Hip Thrust","3","Straight Set","20","","","","","","","","","",""
"Intermediate Program","Bret Contreras","A program for intermediate lifters focused on greater loading and barbell movements.","12 weeks","Intermediate","Barbell, plates, Glute Loop, adjustable bench, squat rack, chin-up bar, rings, dumbbells, 45-degree hyper, cable column","4","Weeks 1-4","Focuses on the hip thrust and military press.","1","Week 1-4","First 4 weeks of the intermediate program.","3","Workout Day 3","Day 3","","Military Press","3","Straight Set","6","","","","","","","","","",""
"Intermediate Program","Bret Contreras","A program for intermediate lifters focused on greater loading and barbell movements.","12 weeks","Intermediate","Barbell, plates, Glute Loop, adjustable bench, squat rack, chin-up bar, rings, dumbbells, 45-degree hyper, cable column","4","Weeks 1-4","Focuses on the hip thrust and military press.","1","Week 1-4","First 4 weeks of the intermediate program.","3","Workout Day 3","Day 3","","Pause Front Squat","3","Straight Set","5","","","","","","","","","",""
"Intermediate Program","Bret Contreras","A program for intermediate lifters focused on greater loading and barbell movements.","12 weeks","Intermediate","Barbell, plates, Glute Loop, adjustable bench, squat rack, chin-up bar, rings, dumbbells, 45-degree hyper, cable column","4","Weeks 1-4","Focuses on the hip thrust and military press.","1","Week 1-4","First 4 weeks of the intermediate program.","3","Workout Day 3","Day 3","","Underhand Grip Lat Pull-Down","3","Straight Set","10","","","","","","","","","",""
"Intermediate Program","Bret Contreras","A program for intermediate lifters focused on greater loading and barbell movements.","12 weeks","Intermediate","Barbell, plates, Glute Loop, adjustable bench, squat rack, chin-up bar, rings, dumbbells, 45-degree hyper, cable column","4","Weeks 1-4","Focuses on the hip thrust and military press.","1","Week 1-4","First 4 weeks of the intermediate program.","3","Workout Day 3","Day 3","","Dumbbell 45-Degree Hyper","3","Straight Set","12","","","","","","","","","",""
"Intermediate Program","Bret Contreras","A program for intermediate lifters focused on greater loading and barbell movements.","12 weeks","Intermediate","Barbell, plates, Glute Loop, adjustable bench, squat rack, chin-up bar, rings, dumbbells, 45-degree hyper, cable column","4","Weeks 1-4","Focuses on the hip thrust and military press.","1","Week 1-4","First 4 weeks of the intermediate program.","3","Workout Day 3","Day 3","","Banded Standing Hip Abduction","2","Straight Set","20","","","","","","","","","",""
"Intermediate Program","Bret Contreras","A program for intermediate lifters focused on greater loading and barbell movements.","12 weeks","Intermediate","Barbell, plates, Glute Loop, adjustable bench, squat rack, chin-up bar, rings, dumbbells, 45-degree hyper, cable column","4","Weeks 1-4","Focuses on the hip thrust and military press.","1","Week 1-4","First 4 weeks of the intermediate program.","4","Workout Day 4","Day 4","","Pause Barbell Hip Thrust","3","Straight Set","5","","","","","","","","","",""
"Intermediate Program","Bret Contreras","A program for intermediate lifters focused on greater loading and barbell movements.","12 weeks","Intermediate","Barbell, plates, Glute Loop, adjustable bench, squat rack, chin-up bar, rings, dumbbells, 45-degree hyper, cable column","4","Weeks 1-4","Focuses on the hip thrust and military press.","1","Week 1-4","First 4 weeks of the intermediate program.","4","Workout Day 4","Day 4","","Seated Dumbbell Overhead Press","3","Straight Set","12","","","","","","","","","",""
"Intermediate Program","Bret Contreras","A program for intermediate lifters focused on greater loading and barbell movements.","12 weeks","Intermediate","Barbell, plates, Glute Loop, adjustable bench, squat rack, chin-up bar, rings, dumbbells, 45-degree hyper, cable column","4","Weeks 1-4","Focuses on the hip thrust and military press.","1","Week 1-4","First 4 weeks of the intermediate program.","4","Workout Day 4","Day 4","","Between Bench Dumbbell Squat","3","Straight Set","20","","","","","","","","","",""
"Intermediate Program","Bret Contreras","A program for intermediate lifters focused on greater loading and barbell movements.","12 weeks","Intermediate","Barbell, plates, Glute Loop, adjustable bench, squat rack, chin-up bar, rings, dumbbells, 45-degree hyper, cable column","4","Weeks 1-4","Focuses on the hip thrust and military press.","1","Week 1-4","First 4 weeks of the intermediate program.","4","Workout Day 4","Day 4","","Inverted Row","3","Straight Set","AMRAP","","","","","","","","","",""
"Intermediate Program","Bret Contreras","A program for intermediate lifters focused on greater loading and barbell movements.","12 weeks","Intermediate","Barbell, plates, Glute Loop, adjustable bench, squat rack, chin-up bar, rings, dumbbells, 45-degree hyper, cable column","4","Weeks 1-4","Focuses on the hip thrust and military press.","1","Week 1-4","First 4 weeks of the intermediate program.","4","Workout Day 4","Day 4","","Good Morning","3","Straight Set","8","","","","","","","","","",""
"Intermediate Program","Bret Contreras","A program for intermediate lifters focused on greater loading and barbell movements.","12 weeks","Intermediate","Barbell, plates, Glute Loop, adjustable bench, squat rack, chin-up bar, rings, dumbbells, 45-degree hyper, cable column","4","Weeks 1-4","Focuses on the hip thrust and military press.","1","Week 1-4","First 4 weeks of the intermediate program.","4","Workout Day 4","Day 4","","Monster Walk","3","Straight Set","20","","","","","","","","","",""
"Intermediate Program","Bret Contreras","A program for intermediate lifters focused on greater loading and barbell movements.","12 weeks","Intermediate","Barbell, plates, Glute Loop, adjustable bench, squat rack, chin-up bar, rings, dumbbells, 45-degree hyper, cable column","4","Weeks 5-8","Focuses on the squat and chin-up.","2","Week 5-8","Second 4 weeks of the intermediate program.","5","Workout Day 1","Day 1","","Back Squat","3","Straight Set","5","","","","","","","","","",""
"Intermediate Program","Bret Contreras","A program for intermediate lifters focused on greater loading and barbell movements.","12 weeks","Intermediate","Barbell, plates, Glute Loop, adjustable bench, squat rack, chin-up bar, rings, dumbbells, 45-degree hyper, cable column","4","Weeks 5-8","Focuses on the squat and chin-up.","2","Week 5-8","Second 4 weeks of the intermediate program.","5","Workout Day 1","Day 1","","Chin-up","3","Straight Set","AMRAP","","","","","","","","","",""
"Intermediate Program","Bret Contreras","A program for intermediate lifters focused on greater loading and barbell movements.","12 weeks","Intermediate","Barbell, plates, Glute Loop, adjustable bench, squat rack, chin-up bar, rings, dumbbells, 45-degree hyper, cable column","4","Weeks 5-8","Focuses on the squat and chin-up.","2","Week 5-8","Second 4 weeks of the intermediate program.","5","Workout Day 1","Day 1","","Single-Leg Foot-Elevated Hip Thrust","3","Straight Set","10","","","","","","","","","",""
"Intermediate Program","Bret Contreras","A program for intermediate lifters focused on greater loading and barbell movements.","12 weeks","Intermediate","Barbell, plates, Glute Loop, adjustable bench, squat rack, chin-up bar, rings, dumbbells, 45-degree hyper, cable column","4","Weeks 5-8","Focuses on the squat and chin-up.","2","Week 5-8","Second 4 weeks of the intermediate program.","5","Workout Day 1","Day 1","","Incline Press","3","Straight Set","8","","","","","","","","","",""
"Intermediate Program","Bret Contreras","A program for intermediate lifters focused on greater loading and barbell movements.","12 weeks","Intermediate","Barbell, plates, Glute Loop, adjustable bench, squat rack, chin-up bar, rings, dumbbells, 45-degree hyper, cable column","4","Weeks 5-8","Focuses on the squat and chin-up.","2","Week 5-8","Second 4 weeks of the intermediate program.","5","Workout Day 1","Day 1","","Banded Frog Pump","2","Straight Set","30","","","","","","","","","",""
"Intermediate Program","Bret Contreras","A program for intermediate lifters focused on greater loading and barbell movements.","12 weeks","Intermediate","Barbell, plates, Glute Loop, adjustable bench, squat rack, chin-up bar, rings, dumbbells, 45-degree hyper, cable column","4","Weeks 5-8","Focuses on the squat and chin-up.","2","Week 5-8","Second 4 weeks of the intermediate program.","6","Workout Day 2","Day 2","","Dumbbell Deficit Reverse Lunge","3","Straight Set","30","","","","","","","","","",""
"Intermediate Program","Bret Contreras","A program for intermediate lifters focused on greater loading and barbell movements.","12 weeks","Intermediate","Barbell, plates, Glute Loop, adjustable bench, squat rack, chin-up bar, rings, dumbbells, 45-degree hyper, cable column","4","Weeks 5-8","Focuses on the squat and chin-up.","2","Week 5-8","Second 4 weeks of the intermediate program.","6","Workout Day 2","Day 2","","Eccentric-Neutral Grip Pull-up","3","Straight Set","5","","","","","","","","","",""
"Intermediate Program","Bret Contreras","A program for intermediate lifters focused on greater loading and barbell movements.","12 weeks","Intermediate","Barbell, plates, Glute Loop, adjustable bench, squat rack, chin-up bar, rings, dumbbells, 45-degree hyper, cable column","4","Weeks 5-8","Focuses on the squat and chin-up.","2","Week 5-8","Second 4 weeks of the intermediate program.","6","Workout Day 2","Day 2","","Romanian Deadlift","3","Straight Set","10","","","","","","","","","",""
"Intermediate Program","Bret Contreras","A program for intermediate lifters focused on greater loading and barbell movements.","12 weeks","Intermediate","Barbell, plates, Glute Loop, adjustable bench, squat rack, chin-up bar, rings, dumbbells, 45-degree hyper, cable column","4","Weeks 5-8","Focuses on the squat and chin-up.","2","Week 5-8","Second 4 weeks of the intermediate program.","6","Workout Day 2","Day 2","","Push-up","3","Straight Set","AMRAP","","","","","","","","","",""
"Intermediate Program","Bret Contreras","A program for intermediate lifters focused on greater loading and barbell movements.","12 weeks","Intermediate","Barbell, plates, Glute Loop, adjustable bench, squat rack, chin-up bar, rings, dumbbells, 45-degree hyper, cable column","4","Weeks 5-8","Focuses on the squat and chin-up.","2","Week 5-8","Second 4 weeks of the intermediate program.","6","Workout Day 2","Day 2","","Knee-Banded Hip Abduction","2","Straight Set","30","","","","","","","","","",""
"Intermediate Program","Bret Contreras","A program for intermediate lifters focused on greater loading and barbell movements.","12 weeks","Intermediate","Barbell, plates, Glute Loop, adjustable bench, squat rack, chin-up bar, rings, dumbbells, 45-degree hyper, cable column","4","Weeks 5-8","Focuses on the squat and chin-up.","2","Week 5-8","Second 4 weeks of the intermediate program.","7","Workout Day 3","Day 3","","Goblet Squat","3","Straight Set","10","","","","","","","","","",""
"Intermediate Program","Bret Contreras","A program for intermediate lifters focused on greater loading and barbell movements.","12 weeks","Intermediate","Barbell, plates, Glute Loop, adjustable bench, squat rack, chin-up bar, rings, dumbbells, 45-degree hyper, cable column","4","Weeks 5-8","Focuses on the squat and chin-up.","2","Week 5-8","Second 4 weeks of the intermediate program.","7","Workout Day 3","Day 3","","Eccentric Chin-up","3","Straight Set","5","","","","","","","","","",""
"Intermediate Program","Bret Contreras","A program for intermediate lifters focused on greater loading and barbell movements.","12 weeks","Intermediate","Barbell, plates, Glute Loop, adjustable bench, squat rack, chin-up bar, rings, dumbbells, 45-degree hyper, cable column","4","Weeks 5-8","Focuses on the squat and chin-up.","2","Week 5-8","Second 4 weeks of the intermediate program.","7","Workout Day 3","Day 3","","Barbell Glute Bridge","3","Straight Set","12","","","","","","","","","",""
"Intermediate Program","Bret Contreras","A program for intermediate lifters focused on greater loading and barbell movements.","12 weeks","Intermediate","Barbell, plates, Glute Loop, adjustable bench, squat rack, chin-up bar, rings, dumbbells, 45-degree hyper, cable column","4","Weeks 5-8","Focuses on the squat and chin-up.","2","Week 5-8","Second 4 weeks of the intermediate program.","7","Workout Day 3","Day 3","","Eccentric-Accentuated Push Press","3","Straight Set","6","","","","","","","","","",""
"Intermediate Program","Bret Contreras","A program for intermediate lifters focused on greater loading and barbell movements.","12 weeks","Intermediate","Barbell, plates, Glute Loop, adjustable bench, squat rack, chin-up bar, rings, dumbbells, 45-degree hyper, cable column","4","Weeks 5-8","Focuses on the squat and chin-up.","2","Week 5-8","Second 4 weeks of the intermediate program.","7","Workout Day 3","Day 3","","Frog Reverse Hyper","2","Straight Set","20","","","","","","","","","",""
"Intermediate Program","Bret Contreras","A program for intermediate lifters focused on greater loading and barbell movements.","12 weeks","Intermediate","Barbell, plates, Glute Loop, adjustable bench, squat rack, chin-up bar, rings, dumbbells, 45-degree hyper, cable column","4","Weeks 5-8","Focuses on the squat and chin-up.","2","Week 5-8","Second 4 weeks of the intermediate program.","8","Workout Day 4","Day 4","","Front Squat","3","Straight Set","6","","","","","","","","","",""
"Intermediate Program","Bret Contreras","A program for intermediate lifters focused on greater loading and barbell movements.","12 weeks","Intermediate","Barbell, plates, Glute Loop, adjustable bench, squat rack, chin-up bar, rings, dumbbells, 45-degree hyper, cable column","4","Weeks 5-8","Focuses on the squat and chin-up.","2","Week 5-8","Second 4 weeks of the intermediate program.","8","Workout Day 4","Day 4","","Neutral Grip Pull-up","3","Straight Set","AMRAP","","","","","","","","","",""
"Intermediate Program","Bret Contreras","A program for intermediate lifters focused on greater loading and barbell movements.","12 weeks","Intermediate","Barbell, plates, Glute Loop, adjustable bench, squat rack, chin-up bar, rings, dumbbells, 45-degree hyper, cable column","4","Weeks 5-8","Focuses on the squat and chin-up.","2","Week 5-8","Second 4 weeks of the intermediate program.","8","Workout Day 4","Day 4","","Semi-Sumo Deadlift","3","Straight Set","6","","","","","","","","","",""
"Intermediate Program","Bret Contreras","A program for intermediate lifters focused on greater loading and barbell movements.","12 weeks","Intermediate","Barbell, plates, Glute Loop, adjustable bench, squat rack, chin-up bar, rings, dumbbells, 45-degree hyper, cable column","4","Weeks 5-8","Focuses on the squat and chin-up.","2","Week 5-8","Second 4 weeks of the intermediate program.","8","Workout Day 4","Day 4","","Pause Close-Grip Bench Press","3","Straight Set","10","","","","","","","","","",""
"Intermediate Program","Bret Contreras","A program for intermediate lifters focused on greater loading and barbell movements.","12 weeks","Intermediate","Barbell, plates, Glute Loop, adjustable bench, squat rack, chin-up bar, rings, dumbbells, 45-degree hyper, cable column","4","Weeks 5-8","Focuses on the squat and chin-up.","2","Week 5-8","Second 4 weeks of the intermediate program.","8","Workout Day 4","Day 4","","Cable Standing Hip Abduction","2","Straight Set","12","","","","","","","","","",""
"Intermediate Program","Bret Contreras","A program for intermediate lifters focused on greater loading and barbell movements.","12 weeks","Intermediate","Barbell, plates, Glute Loop, adjustable bench, squat rack, chin-up bar, rings, dumbbells, 45-degree hyper, cable column","4","Weeks 9-12","Focuses on the deadlift and bench press.","3","Week 9-12","Third 4 weeks of the intermediate program.","9","Workout Day 1","Day 1","","Deadlift","3","Straight Set","5","","","","","","","","","",""
"Intermediate Program","Bret Contreras","A program for intermediate lifters focused on greater loading and barbell movements.","12 weeks","Intermediate","Barbell, plates, Glute Loop, adjustable bench, squat rack, chin-up bar, rings, dumbbells, 45-degree hyper, cable column","4","Weeks 9-12","Focuses on the deadlift and bench press.","3","Week 9-12","Third 4 weeks of the intermediate program.","9","Workout Day 1","Day 1","","Pause Bench Press","3","Straight Set","5","","","","","","","","","",""
"Intermediate Program","Bret Contreras","A program for intermediate lifters focused on greater loading and barbell movements.","12 weeks","Intermediate","Barbell, plates, Glute Loop, adjustable bench, squat rack, chin-up bar, rings, dumbbells, 45-degree hyper, cable column","4","Weeks 9-12","Focuses on the deadlift and bench press.","3","Week 9-12","Third 4 weeks of the intermediate program.","9","Workout Day 1","Day 1","","Dumbbell Bulgarian Split Squat","3","Straight Set","8","","","","","","","","","",""
"Intermediate Program","Bret Contreras","A program for intermediate lifters focused on greater loading and barbell movements.","12 weeks","Intermediate","Barbell, plates, Glute Loop, adjustable bench, squat rack, chin-up bar, rings, dumbbells, 45-degree hyper, cable column","4","Weeks 9-12","Focuses on the deadlift and bench press.","3","Week 9-12","Third 4 weeks of the intermediate program.","9","Workout Day 1","Day 1","","One-Arm Row","3","Straight Set","10","","","","","","","","","",""
"Intermediate Program","Bret Contreras","A program for intermediate lifters focused on greater loading and barbell movements.","12 weeks","Intermediate","Barbell, plates, Glute Loop, adjustable bench, squat rack, chin-up bar, rings, dumbbells, 45-degree hyper, cable column","4","Weeks 9-12","Focuses on the deadlift and bench press.","3","Week 9-12","Third 4 weeks of the intermediate program.","9","Workout Day 1","Day 1","","Extra-Range Side-Lying Hip Abduction","2","Straight Set","20","","","","","","","","","",""
"Intermediate Program","Bret Contreras","A program for intermediate lifters focused on greater loading and barbell movements.","12 weeks","Intermediate","Barbell, plates, Glute Loop, adjustable bench, squat rack, chin-up bar, rings, dumbbells, 45-degree hyper, cable column","4","Weeks 9-12","Focuses on the deadlift and bench press.","3","Week 9-12","Third 4 weeks of the intermediate program.","10","Workout Day 2","Day 2","","Low-Bar Parallel Box Squat","3","Straight Set","8","","","","","","","","","",""
"Intermediate Program","Bret Contreras","A program for intermediate lifters focused on greater loading and barbell movements.","12 weeks","Intermediate","Barbell, plates, Glute Loop, adjustable bench, squat rack, chin-up bar, rings, dumbbells, 45-degree hyper, cable column","4","Weeks 9-12","Focuses on the deadlift and bench press.","3","Week 9-12","Third 4 weeks of the intermediate program.","10","Workout Day 2","Day 2","","Dumbbell Bench Press","3","Straight Set","10","","","","","","","","","",""
"Intermediate Program","Bret Contreras","A program for intermediate lifters focused on greater loading and barbell movements.","12 weeks","Intermediate","Barbell, plates, Glute Loop, adjustable bench, squat rack, chin-up bar, rings, dumbbells, 45-degree hyper, cable column","4","Weeks 9-12","Focuses on the deadlift and bench press.","3","Week 9-12","Third 4 weeks of the intermediate program.","10","Workout Day 2","Day 2","","Pause Dumbbell 45-Degree Hyper","3","Straight Set","8","","","","","","","","","",""
"Intermediate Program","Bret Contreras","A program for intermediate lifters focused on greater loading and barbell movements.","12 weeks","Intermediate","Barbell, plates, Glute Loop, adjustable bench, squat rack, chin-up bar, rings, dumbbells, 45-degree hyper, cable column","4","Weeks 9-12","Focuses on the deadlift and bench press.","3","Week 9-12","Third 4 weeks of the intermediate program.","10","Workout Day 2","Day 2","","Chin-up","3","Straight Set","AMRAP","","","","","","","","","",""
"Intermediate Program","Bret Contreras","A program for intermediate lifters focused on greater loading and barbell movements.","12 weeks","Intermediate","Barbell, plates, Glute Loop, adjustable bench, squat rack, chin-up bar, rings, dumbbells, 45-degree hyper, cable column","4","Weeks 9-12","Focuses on the deadlift and bench press.","3","Week 9-12","Third 4 weeks of the intermediate program.","10","Workout Day 2","Day 2","","Banded Cha-Cha","2","Straight Set","20","","","","","","","","","",""
"Intermediate Program","Bret Contreras","A program for intermediate lifters focused on greater loading and barbell movements.","12 weeks","Intermediate","Barbell, plates, Glute Loop, adjustable bench, squat rack, chin-up bar, rings, dumbbells, 45-degree hyper, cable column","4","Weeks 9-12","Focuses on the deadlift and bench press.","3","Week 9-12","Third 4 weeks of the intermediate program.","11","Workout Day 3","Day 3","","Dynamic Effort Deadlift","3","Straight Set","5","","","","","","","","","",""
"Intermediate Program","Bret Contreras","A program for intermediate lifters focused on greater loading and barbell movements.","12 weeks","Intermediate","Barbell, plates, Glute Loop, adjustable bench, squat rack, chin-up bar, rings, dumbbells, 45-degree hyper, cable column","4","Weeks 9-12","Focuses on the deadlift and bench press.","3","Week 9-12","Third 4 weeks of the intermediate program.","11","Workout Day 3","Day 3","","Bench Press","3","Straight Set","8","","","","","","","","","",""
"Intermediate Program","Bret Contreras","A program for intermediate lifters focused on greater loading and barbell movements.","12 weeks","Intermediate","Barbell, plates, Glute Loop, adjustable bench, squat rack, chin-up bar, rings, dumbbells, 45-degree hyper, cable column","4","Weeks 9-12","Focuses on the deadlift and bench press.","3","Week 9-12","Third 4 weeks of the intermediate program.","11","Workout Day 3","Day 3","","Deadstop Foot-Elevated Single-Leg Hip Thrust","3","Straight Set","8","","","","","","","","","",""
"Intermediate Program","Bret Contreras","A program for intermediate lifters focused on greater loading and barbell movements.","12 weeks","Intermediate","Barbell, plates, Glute Loop, adjustable bench, squat rack, chin-up bar, rings, dumbbells, 45-degree hyper, cable column","4","Weeks 9-12","Focuses on the deadlift and bench press.","3","Week 9-12","Third 4 weeks of the intermediate program.","11","Workout Day 3","Day 3","","Dumbbell Bent-Over Row","3","Straight Set","10","","","","","","","","","",""
"Intermediate Program","Bret Contreras","A program for intermediate lifters focused on greater loading and barbell movements.","12 weeks","Intermediate","Barbell, plates, Glute Loop, adjustable bench, squat rack, chin-up bar, rings, dumbbells, 45-degree hyper, cable column","4","Weeks 9-12","Focuses on the deadlift and bench press.","3","Week 9-12","Third 4 weeks of the intermediate program.","11","Workout Day 3","Day 3","","Banded Supine Abduction","2","Straight Set","20","","","","","","","","","",""
"Intermediate Program","Bret Contreras","A program for intermediate lifters focused on greater loading and barbell movements.","12 weeks","Intermediate","Barbell, plates, Glute Loop, adjustable bench, squat rack, chin-up bar, rings, dumbbells, 45-degree hyper, cable column","4","Weeks 9-12","Focuses on the deadlift and bench press.","3","Week 9-12","Third 4 weeks of the intermediate program.","12","Workout Day 4","Day 4","","Rest Pause Barbell Hip Thrust","3","Rest-Pause","10(6,2,1,1)","","","","","","","","","",""
"Intermediate Program","Bret Contreras","A program for intermediate lifters focused on greater loading and barbell movements.","12 weeks","Intermediate","Barbell, plates, Glute Loop, adjustable bench, squat rack, chin-up bar, rings, dumbbells, 45-degree hyper, cable column","4","Weeks 9-12","Focuses on the deadlift and bench press.","3","Week 9-12","Third 4 weeks of the intermediate program.","12","Workout Day 4","Day 4","","Handle Push-up","3","Straight Set","AMRAP","","","","","","","","","",""
"Intermediate Program","Bret Contreras","A program for intermediate lifters focused on greater loading and barbell movements.","12 weeks","Intermediate","Barbell, plates, Glute Loop, adjustable bench, squat rack, chin-up bar, rings, dumbbells, 45-degree hyper, cable column","4","Weeks 9-12","Focuses on the deadlift and bench press.","3","Week 9-12","Third 4 weeks of the intermediate program.","12","Workout Day 4","Day 4","","Dumbbell Squat","3","Straight Set","8","","","","","","","","","",""
"Intermediate Program","Bret Contreras","A program for intermediate lifters focused on greater loading and barbell movements.","12 weeks","Intermediate","Barbell, plates, Glute Loop, adjustable bench, squat rack, chin-up bar, rings, dumbbells, 45-degree hyper, cable column","4","Weeks 9-12","Focuses on the deadlift and bench press.","3","Week 9-12","Third 4 weeks of the intermediate program.","12","Workout Day 4","Day 4","","Wide-Grip Lat Pull-Down","3","Straight Set","10","","","","","","","","","",""
"Intermediate Program","Bret Contreras","A program for intermediate lifters focused on greater loading and barbell movements.","12 weeks","Intermediate","Barbell, plates, Glute Loop, adjustable bench, squat rack, chin-up bar, rings, dumbbells, 45-degree hyper, cable column","4","Weeks 9-12","Focuses on the deadlift and bench press.","3","Week 9-12","Third 4 weeks of the intermediate program.","12","Workout Day 4","Day 4","","Spread-Eagle Reverse Hyper","2","Straight Set","20","","","","","","","","","",""
"Advanced Program","Bret Contreras","A program for advanced lifters using heavier loading and advanced training schemes.","12 weeks","Advanced","Access to a commercial gym","4","Weeks 1-4","Incorporates advanced methods like dropsets, pre-exhaustion, clusters, supersets, and ladders.","1","Week 1-4","First 4 weeks of the advanced program.","1","Workout Day 1","Day 1","","Barbell Hip Thrust Dropset","2","Dropset","10, 10, 10","","","","","","","","","",""
"Advanced Program","Bret Contreras","A program for advanced lifters using heavier loading and advanced training schemes.","12 weeks","Advanced","Access to a commercial gym","4","Weeks 1-4","Incorporates advanced methods like dropsets, pre-exhaustion, clusters, supersets, and ladders.","1","Week 1-4","First 4 weeks of the advanced program.","1","Workout Day 1","Day 1","","Military Press","3","Straight Set","10","","","","","","","","","",""
"Advanced Program","Bret Contreras","A program for advanced lifters using heavier loading and advanced training schemes.","12 weeks","Advanced","Access to a commercial gym","4","Weeks 1-4","Incorporates advanced methods like dropsets, pre-exhaustion, clusters, supersets, and ladders.","1","Week 1-4","First 4 weeks of the advanced program.","1","Workout Day 1","Day 1","","Dumbbell Curtsy Lunge","3","Straight Set","10","","","","","","","","","",""
"Advanced Program","Bret Contreras","A program for advanced lifters using heavier loading and advanced training schemes.","12 weeks","Advanced","Access to a commercial gym","4","Weeks 1-4","Incorporates advanced methods like dropsets, pre-exhaustion, clusters, supersets, and ladders.","1","Week 1-4","First 4 weeks of the advanced program.","1","Workout Day 1","Day 1","","Inverted Row","3","Straight Set","10","","","","","","","","","",""
"Advanced Program","Bret Contreras","A program for advanced lifters using heavier loading and advanced training schemes.","12 weeks","Advanced","Access to a commercial gym","4","Weeks 1-4","Incorporates advanced methods like dropsets, pre-exhaustion, clusters, supersets, and ladders.","1","Week 1-4","First 4 weeks of the advanced program.","1","Workout Day 1","Day 1","","American Deadlift","3","Straight Set","10","","","","","","","","","",""
"Advanced Program","Bret Contreras","A program for advanced lifters using heavier loading and advanced training schemes.","12 weeks","Advanced","Access to a commercial gym","4","Weeks 1-4","Incorporates advanced methods like dropsets, pre-exhaustion, clusters, supersets, and ladders.","1","Week 1-4","First 4 weeks of the advanced program.","1","Workout Day 1","Day 1","","Banded Pallof Press","2","Straight Set","10","","","","","","","","","",""
"Advanced Program","Bret Contreras","A program for advanced lifters using heavier loading and advanced training schemes.","12 weeks","Advanced","Access to a commercial gym","4","Weeks 1-4","Incorporates advanced methods like dropsets, pre-exhaustion, clusters, supersets, and ladders.","1","Week 1-4","First 4 weeks of the advanced program.","2","Workout Day 2","Day 2","","Trap Bar Deadlift","3","Straight Set","6","","","","","","","","","",""
"Advanced Program","Bret Contreras","A program for advanced lifters using heavier loading and advanced training schemes.","12 weeks","Advanced","Access to a commercial gym","4","Weeks 1-4","Incorporates advanced methods like dropsets, pre-exhaustion, clusters, supersets, and ladders.","1","Week 1-4","First 4 weeks of the advanced program.","2","Workout Day 2","Day 2","","Close-Grip Bench Press","3","Straight Set","4","","","","","","","","","",""
"Advanced Program","Bret Contreras","A program for advanced lifters using heavier loading and advanced training schemes.","12 weeks","Advanced","Access to a commercial gym","4","Weeks 1-4","Incorporates advanced methods like dropsets, pre-exhaustion, clusters, supersets, and ladders.","1","Week 1-4","First 4 weeks of the advanced program.","2","Workout Day 2","Day 2","","Cable Kneeling Kickback","3","Straight Set","12","","","","","","","","","",""
"Advanced Program","Bret Contreras","A program for advanced lifters using heavier loading and advanced training schemes.","12 weeks","Advanced","Access to a commercial gym","4","Weeks 1-4","Incorporates advanced methods like dropsets, pre-exhaustion, clusters, supersets, and ladders.","1","Week 1-4","First 4 weeks of the advanced program.","2","Workout Day 2","Day 2","","Wide-Grip Lat Pull-Down","3","Straight Set","10","","","","","","","","","",""
"Advanced Program","Bret Contreras","A program for advanced lifters using heavier loading and advanced training schemes.","12 weeks","Advanced","Access to a commercial gym","4","Weeks 1-4","Incorporates advanced methods like dropsets, pre-exhaustion, clusters, supersets, and ladders.","1","Week 1-4","First 4 weeks of the advanced program.","2","Workout Day 2","Day 2","","Ring-Supported Pistol","3","Straight Set","10","","","","","","","","","",""
"Advanced Program","Bret Contreras","A program for advanced lifters using heavier loading and advanced training schemes.","12 weeks","Advanced","Access to a commercial gym","4","Weeks 1-4","Incorporates advanced methods like dropsets, pre-exhaustion, clusters, supersets, and ladders.","1","Week 1-4","First 4 weeks of the advanced program.","2","Workout Day 2","Day 2","","Superset: RKC Plank/ Kettlebell Swing","3","Superset","20 sec/20","","","","","","","","","",""
"Advanced Program","Bret Contreras","A program for advanced lifters using heavier loading and advanced training schemes.","12 weeks","Advanced","Access to a commercial gym","4","Weeks 1-4","Incorporates advanced methods like dropsets, pre-exhaustion, clusters, supersets, and ladders.","1","Week 1-4","First 4 weeks of the advanced program.","3","Workout Day 3","Day 3","","Pre-Exhaustion Nordic Ham Curl/Leg Extension","3","Pre-exhaustion","8, 20","","","","","","","","","",""
"Advanced Program","Bret Contreras","A program for advanced lifters using heavier loading and advanced training schemes.","12 weeks","Advanced","Access to a commercial gym","4","Weeks 1-4","Incorporates advanced methods like dropsets, pre-exhaustion, clusters, supersets, and ladders.","1","Week 1-4","First 4 weeks of the advanced program.","3","Workout Day 3","Day 3","","Reset Knee-Banded Barbell Hip Thrust","3","Straight Set","10","","","","","","","","","",""
"Advanced Program","Bret Contreras","A program for advanced lifters using heavier loading and advanced training schemes.","12 weeks","Advanced","Access to a commercial gym","4","Weeks 1-4","Incorporates advanced methods like dropsets, pre-exhaustion, clusters, supersets, and ladders.","1","Week 1-4","First 4 weeks of the advanced program.","3","Workout Day 3","Day 3","","Bench Press","3","Straight Set","6","","","","","","","","","",""
"Advanced Program","Bret Contreras","A program for advanced lifters using heavier loading and advanced training schemes.","12 weeks","Advanced","Access to a commercial gym","4","Weeks 1-4","Incorporates advanced methods like dropsets, pre-exhaustion, clusters, supersets, and ladders.","1","Week 1-4","First 4 weeks of the advanced program.","3","Workout Day 3","Day 3","","Lunge Isohold","2","Isometrics","30 sec","","","","","","","","","",""
"Advanced Program","Bret Contreras","A program for advanced lifters using heavier loading and advanced training schemes.","12 weeks","Advanced","Access to a commercial gym","4","Weeks 1-4","Incorporates advanced methods like dropsets, pre-exhaustion, clusters, supersets, and ladders.","1","Week 1-4","First 4 weeks of the advanced program.","3","Workout Day 3","Day 3","","Chest-Supported Row","3","Straight Set","8","","","","","","","","","",""
"Advanced Program","Bret Contreras","A program for advanced lifters using heavier loading and advanced training schemes.","12 weeks","Advanced","Access to a commercial gym","4","Weeks 1-4","Incorporates advanced methods like dropsets, pre-exhaustion, clusters, supersets, and ladders.","1","Week 1-4","First 4 weeks of the advanced program.","3","Workout Day 3","Day 3","","Standing Glute Squeeze","3","Straight Set","10","","","","","","","","","",""
"Advanced Program","Bret Contreras","A program for advanced lifters using heavier loading and advanced training schemes.","12 weeks","Advanced","Access to a commercial gym","4","Weeks 1-4","Incorporates advanced methods like dropsets, pre-exhaustion, clusters, supersets, and ladders.","1","Week 1-4","First 4 weeks of the advanced program.","4","Workout Day 4","Day 4","","Back Squat","5","Straight Set","3","","","","","","","","","",""
"Advanced Program","Bret Contreras","A program for advanced lifters using heavier loading and advanced training schemes.","12 weeks","Advanced","Access to a commercial gym","4","Weeks 1-4","Incorporates advanced methods like dropsets, pre-exhaustion, clusters, supersets, and ladders.","1","Week 1-4","First 4 weeks of the advanced program.","4","Workout Day 4","Day 4","","Incline Press","3","Straight Set","8","","","","","","","","","",""
"Advanced Program","Bret Contreras","A program for advanced lifters using heavier loading and advanced training schemes.","12 weeks","Advanced","Access to a commercial gym","4","Weeks 1-4","Incorporates advanced methods like dropsets, pre-exhaustion, clusters, supersets, and ladders.","1","Week 1-4","First 4 weeks of the advanced program.","4","Workout Day 4","Day 4","","1L Barbell Hip Thrust","3","Straight Set","8","","","","","","","","","",""
"Advanced Program","Bret Contreras","A program for advanced lifters using heavier loading and advanced training schemes.","12 weeks","Advanced","Access to a commercial gym","4","Weeks 1-4","Incorporates advanced methods like dropsets, pre-exhaustion, clusters, supersets, and ladders.","1","Week 1-4","First 4 weeks of the advanced program.","4","Workout Day 4","Day 4","","Chin-up","3","Straight Set","8","","","","","","","","","",""
"Advanced Program","Bret Contreras","A program for advanced lifters using heavier loading and advanced training schemes.","12 weeks","Advanced","Access to a commercial gym","4","Weeks 1-4","Incorporates advanced methods like dropsets, pre-exhaustion, clusters, supersets, and ladders.","1","Week 1-4","First 4 weeks of the advanced program.","4","Workout Day 4","Day 4","","Bodyweight Glute-Dominant Back Extension","3","Straight Set","30","","","","","","","","","",""
"Advanced Program","Bret Contreras","A program for advanced lifters using heavier loading and advanced training schemes.","12 weeks","Advanced","Access to a commercial gym","4","Weeks 1-4","Incorporates advanced methods like dropsets, pre-exhaustion, clusters, supersets, and ladders.","1","Week 1-4","First 4 weeks of the advanced program.","4","Workout Day 4","Day 4","","Sled Push","3","Straight Set","20 meters","","","","","","","","","",""
"Advanced Program","Bret Contreras","A program for advanced lifters using heavier loading and advanced training schemes.","12 weeks","Advanced","Access to a commercial gym","4","Weeks 5-8","Focuses on deadlift and bench press with advanced techniques.","2","Week 5-8","Second 4 weeks of the advanced program.","5","Workout Day 1","Day 1","","Conventional Deadlift","3","Straight Set","10","","","","","","","","","",""
"Advanced Program","Bret Contreras","A program for advanced lifters using heavier loading and advanced training schemes.","12 weeks","Advanced","Access to a commercial gym","4","Weeks 5-8","Focuses on deadlift and bench press with advanced techniques.","2","Week 5-8","Second 4 weeks of the advanced program.","5","Workout Day 1","Day 1","","Standing Single-Arm Dumbbell Overhead Press","3","Straight Set","8","","","","","","","","","",""
"Advanced Program","Bret Contreras","A program for advanced lifters using heavier loading and advanced training schemes.","12 weeks","Advanced","Access to a commercial gym","4","Weeks 5-8","Focuses on deadlift and bench press with advanced techniques.","2","Week 5-8","Second 4 weeks of the advanced program.","5","Workout Day 1","Day 1","","Enhanced-Eccentric Barbell Single-Leg Hip Thrust","3","Eccentric","6","","","","","","","","","",""
"Advanced Program","Bret Contreras","A program for advanced lifters using heavier loading and advanced training schemes.","12 weeks","Advanced","Access to a commercial gym","4","Weeks 5-8","Focuses on deadlift and bench press with advanced techniques.","2","Week 5-8","Second 4 weeks of the advanced program.","5","Workout Day 1","Day 1","","Single-Arm Pull-Down","3","Straight Set","8","","","","","","","","","",""
"Advanced Program","Bret Contreras","A program for advanced lifters using heavier loading and advanced training schemes.","12 weeks","Advanced","Access to a commercial gym","4","Weeks 5-8","Focuses on deadlift and bench press with advanced techniques.","2","Week 5-8","Second 4 weeks of the advanced program.","5","Workout Day 1","Day 1","","11 Heel-Elevated Goblet Squat","3","Straight Set","8","","","","","","","","","",""
"Advanced Program","Bret Contreras","A program for advanced lifters using heavier loading and advanced training schemes.","12 weeks","Advanced","Access to a commercial gym","4","Weeks 5-8","Focuses on deadlift and bench press with advanced techniques.","2","Week 5-8","Second 4 weeks of the advanced program.","5","Workout Day 1","Day 1","","Cuff/Dip Belt Cable Hip Rotation","2","Straight Set","10","","","","","","","","","",""
"Advanced Program","Bret Contreras","A program for advanced lifters using heavier loading and advanced training schemes.","12 weeks","Advanced","Access to a commercial gym","4","Weeks 5-8","Focuses on deadlift and bench press with advanced techniques.","2","Week 5-8","Second 4 weeks of the advanced program.","6","Workout Day 2","Day 2","","Barbell Hip Thrust","5","Straight Set","5","","","","","","","","","",""
"Advanced Program","Bret Contreras","A program for advanced lifters using heavier loading and advanced training schemes.","12 weeks","Advanced","Access to a commercial gym","4","Weeks 5-8","Focuses on deadlift and bench press with advanced techniques.","2","Week 5-8","Second 4 weeks of the advanced program.","6","Workout Day 2","Day 2","","Pause Bench Press","5","Straight Set","3","","","","","","","","","",""
"Advanced Program","Bret Contreras","A program for advanced lifters using heavier loading and advanced training schemes.","12 weeks","Advanced","Access to a commercial gym","4","Weeks 5-8","Focuses on deadlift and bench press with advanced techniques.","2","Week 5-8","Second 4 weeks of the advanced program.","6","Workout Day 2","Day 2","","Cable Pull-Through","3","Straight Set","20","","","","","","","","","",""
"Advanced Program","Bret Contreras","A program for advanced lifters using heavier loading and advanced training schemes.","12 weeks","Advanced","Access to a commercial gym","4","Weeks 5-8","Focuses on deadlift and bench press with advanced techniques.","2","Week 5-8","Second 4 weeks of the advanced program.","6","Workout Day 2","Day 2","","Chin-up","3","Straight Set","AMRAP","","","","","","","","","",""
"Advanced Program","Bret Contreras","A program for advanced lifters using heavier loading and advanced training schemes.","12 weeks","Advanced","Access to a commercial gym","4","Weeks 5-8","Focuses on deadlift and bench press with advanced techniques.","2","Week 5-8","Second 4 weeks of the advanced program.","6","Workout Day 2","Day 2","","Dumbbell Deficit Curtsy Lunge","3","Straight Set","12","","","","","","","","","",""
"Advanced Program","Bret Contreras","A program for advanced lifters using heavier loading and advanced training schemes.","12 weeks","Advanced","Access to a commercial gym","4","Weeks 5-8","Focuses on deadlift and bench press with advanced techniques.","2","Week 5-8","Second 4 weeks of the advanced program.","6","Workout Day 2","Day 2","","Banded Standing Hip Abduction","2","Straight Set","20","","","","","","","","","",""
"Advanced Program","Bret Contreras","A program for advanced lifters using heavier loading and advanced training schemes.","12 weeks","Advanced","Access to a commercial gym","4","Weeks 5-8","Focuses on deadlift and bench press with advanced techniques.","2","Week 5-8","Second 4 weeks of the advanced program.","7","Workout Day 3","Day 3","","Cluster Deadlift","1","Cluster","5 reps","","","","","","","","",""
"Advanced Program","Bret Contreras","A program for advanced lifters using heavier loading and advanced training schemes.","12 weeks","Advanced","Access to a commercial gym","4","Weeks 5-8","Focuses on deadlift and bench press with advanced techniques.","2","Week 5-8","Second 4 weeks of the advanced program.","7","Workout Day 3","Day 3","","Dumbbell Incline Press","3","Straight Set","8","","","","","","","","","",""
"Advanced Program","Bret Contreras","A program for advanced lifters using heavier loading and advanced training schemes.","12 weeks","Advanced","Access to a commercial gym","4","Weeks 5-8","Focuses on deadlift and bench press with advanced techniques.","2","Week 5-8","Second 4 weeks of the advanced program.","7","Workout Day 3","Day 3","","Banded Kneeling Hip Thrust","3","Straight Set","20","","","","","","","","","",""
"Advanced Program","Bret Contreras","A program for advanced lifters using heavier loading and advanced training schemes.","12 weeks","Advanced","Access to a commercial gym","4","Weeks 5-8","Focuses on deadlift and bench press with advanced techniques.","2","Week 5-8","Second 4 weeks of the advanced program.","7","Workout Day 3","Day 3","","Dumbbell One-Arm Row","3","Straight Set","12","","","","","","","","","",""
"Advanced Program","Bret Contreras","A program for advanced lifters using heavier loading and advanced training schemes.","12 weeks","Advanced","Access to a commercial gym","4","Weeks 5-8","Focuses on deadlift and bench press with advanced techniques.","2","Week 5-8","Second 4 weeks of the advanced program.","7","Workout Day 3","Day 3","","Goblet Squat Pulse","2","Straight Set","30","","","","","","","","","",""
"Advanced Program","Bret Contreras","A program for advanced lifters using heavier loading and advanced training schemes.","12 weeks","Advanced","Access to a commercial gym","4","Weeks 5-8","Focuses on deadlift and bench press with advanced techniques.","2","Week 5-8","Second 4 weeks of the advanced program.","7","Workout Day 3","Day 3","","Banded 45-Degree Kickback","3","Straight Set","20","","","","","","","","","",""
"Advanced Program","Bret Contreras","A program for advanced lifters using heavier loading and advanced training schemes.","12 weeks","Advanced","Access to a commercial gym","4","Weeks 5-8","Focuses on deadlift and bench press with advanced techniques.","2","Week 5-8","Second 4 weeks of the advanced program.","8","Workout Day 4","Day 4","","Pause Front Squat","3","Straight Set","5","","","","","","","","","",""
"Advanced Program","Bret Contreras","A program for advanced lifters using heavier loading and advanced training schemes.","12 weeks","Advanced","Access to a commercial gym","4","Weeks 5-8","Focuses on deadlift and bench press with advanced techniques.","2","Week 5-8","Second 4 weeks of the advanced program.","8","Workout Day 4","Day 4","","Military Press","3","Straight Set","6","","","","","","","","","",""
"Advanced Program","Bret Contreras","A program for advanced lifters using heavier loading and advanced training schemes.","12 weeks","Advanced","Access to a commercial gym","4","Weeks 5-8","Focuses on deadlift and bench press with advanced techniques.","2","Week 5-8","Second 4 weeks of the advanced program.","8","Workout Day 4","Day 4","","Braced Single-Leg RDL","3","Straight Set","10","","","","","","","","","",""
"Advanced Program","Bret Contreras","A program for advanced lifters using heavier loading and advanced training schemes.","12 weeks","Advanced","Access to a commercial gym","4","Weeks 5-8","Focuses on deadlift and bench press with advanced techniques.","2","Week 5-8","Second 4 weeks of the advanced program.","8","Workout Day 4","Day 4","","Narrow Neutral Grip Pull-Down","3","Straight Set","10","","","","","","","","","",""
"Advanced Program","Bret Contreras","A program for advanced lifters using heavier loading and advanced training schemes.","12 weeks","Advanced","Access to a commercial gym","4","Weeks 5-8","Focuses on deadlift and bench press with advanced techniques.","2","Week 5-8","Second 4 weeks of the advanced program.","8","Workout Day 4","Day 4","","Pause Barbell Hip Thrust","3","Straight Set","5","","","","","","","","","",""
"Advanced Program","Bret Contreras","A program for advanced lifters using heavier loading and advanced training schemes.","12 weeks","Advanced","Access to a commercial gym","4","Weeks 5-8","Focuses on deadlift and bench press with advanced techniques.","2","Week 5-8","Second 4 weeks of the advanced program.","8","Workout Day 4","Day 4","","Knee-Banded Glute Bridge/Supine Abduction Ladder","1","Ladder","12, 11, 10, 9, 8, 7, 6, 5, 4, 3, 2, 1","","","","","","","","",""
"Advanced Program","Bret Contreras","A program for advanced lifters using heavier loading and advanced training schemes.","12 weeks","Advanced","Access to a commercial gym","4","Weeks 9-12","Incorporates advanced techniques and heavy loading.","3","Week 9-12","Third 4 weeks of the advanced program.","9","Workout Day 1","Day 1","","Banded Hip Thrust","3","Straight Set","20","","","","","","","","","",""
"Advanced Program","Bret Contreras","A program for advanced lifters using heavier loading and advanced training schemes.","12 weeks","Advanced","Access to a commercial gym","4","Weeks 9-12","Incorporates advanced techniques and heavy loading.","3","Week 9-12","Third 4 weeks of the advanced program.","9","Workout Day 1","Day 1","","Bench Press","3","Straight Set","3","","","","","","","","","",""
"Advanced Program","Bret Contreras","A program for advanced lifters using heavier loading and advanced training schemes.","12 weeks","Advanced","Access to a commercial gym","4","Weeks 9-12","Incorporates advanced techniques and heavy loading.","3","Week 9-12","Third 4 weeks of the advanced program.","9","Workout Day 1","Day 1","","Stiff-Leg Deadlift","3","Straight Set","8","","","","","","","","","",""
"Advanced Program","Bret Contreras","A program for advanced lifters using heavier loading and advanced training schemes.","12 weeks","Advanced","Access to a commercial gym","4","Weeks 9-12","Incorporates advanced techniques and heavy loading.","3","Week 9-12","Third 4 weeks of the advanced program.","9","Workout Day 1","Day 1","","Weighted-Eccentric Chin-up","3","Eccentric","3","","","","","","","","","",""
"Advanced Program","Bret Contreras","A program for advanced lifters using heavier loading and advanced training schemes.","12 weeks","Advanced","Access to a commercial gym","4","Weeks 9-12","Incorporates advanced techniques and heavy loading.","3","Week 9-12","Third 4 weeks of the advanced program.","9","Workout Day 1","Day 1","","Dumbbell Between-Bench Squat","3","Straight Set","20","","","","","","","","","",""
"Advanced Program","Bret Contreras","A program for advanced lifters using heavier loading and advanced training schemes.","12 weeks","Advanced","Access to a commercial gym","4","Weeks 9-12","Incorporates advanced techniques and heavy loading.","3","Week 9-12","Third 4 weeks of the advanced program.","9","Workout Day 1","Day 1","","Banded Standing Hip External Rotation","2","Straight Set","12","","","","","","","","","",""
"Advanced Program","Bret Contreras","A program for advanced lifters using heavier loading and advanced training schemes.","12 weeks","Advanced","Access to a commercial gym","4","Weeks 9-12","Incorporates advanced techniques and heavy loading.","3","Week 9-12","Third 4 weeks of the advanced program.","10","Workout Day 2","Day 2","","Double-Banded Hip Thrust","3","Straight Set","10","","","","","","","","","",""
"Advanced Program","Bret Contreras","A program for advanced lifters using heavier loading and advanced training schemes.","12 weeks","Advanced","Access to a commercial gym","4","Weeks 9-12","Incorporates advanced techniques and heavy loading.","3","Week 9-12","Third 4 weeks of the advanced program.","10","Workout Day 2","Day 2","","Feet-Elevated Push-up","3","Straight Set","AMRAP","","","","","","","","","",""
"Advanced Program","Bret Contreras","A program for advanced lifters using heavier loading and advanced training schemes.","12 weeks","Advanced","Access to a commercial gym","4","Weeks 9-12","Incorporates advanced techniques and heavy loading.","3","Week 9-12","Third 4 weeks of the advanced program.","10","Workout Day 2","Day 2","","Pistol Squat","3","Straight Set","AMRAP","","","","","","","","","",""
"Advanced Program","Bret Contreras","A program for advanced lifters using heavier loading and advanced training schemes.","12 weeks","Advanced","Access to a commercial gym","4","Weeks 9-12","Incorporates advanced techniques and heavy loading.","3","Week 9-12","Third 4 weeks of the advanced program.","10","Workout Day 2","Day 2","","Eccentric-Accentuated Chin-up","3","Eccentric","3","","","","","","","","","",""
"Advanced Program","Bret Contreras","A program for advanced lifters using heavier loading and advanced training schemes.","12 weeks","Advanced","Access to a commercial gym","4","Weeks 9-12","Incorporates advanced techniques and heavy loading.","3","Week 9-12","Third 4 weeks of the advanced program.","10","Workout Day 2","Day 2","","Prisoner Single-Leg 45-Degree Hyper","3","Straight Set","10","","","","","","","","","",""
"Advanced Program","Bret Contreras","A program for advanced lifters using heavier loading and advanced training schemes.","12 weeks","Advanced","Access to a commercial gym","4","Weeks 9-12","Incorporates advanced techniques and heavy loading.","3","Week 9-12","Third 4 weeks of the advanced program.","10","Workout Day 2","Day 2","","Extra-Range Side-Lying Hip Raise","3","Straight Set","10","","","","","","","","","",""
"Advanced Program","Bret Contreras","A program for advanced lifters using heavier loading and advanced training schemes.","12 weeks","Advanced","Access to a commercial gym","4","Weeks 9-12","Incorporates advanced techniques and heavy loading.","3","Week 9-12","Third 4 weeks of the advanced program.","11","Workout Day 3","Day 3","","Triple-Banded Hip Thrust","3","Straight Set","8","","","","","","","","","",""
"Advanced Program","Bret Contreras","A program for advanced lifters using heavier loading and advanced training schemes.","12 weeks","Advanced","Access to a commercial gym","4","Weeks 9-12","Incorporates advanced techniques and heavy loading.","3","Week 9-12","Third 4 weeks of the advanced program.","11","Workout Day 3","Day 3","","Pause Bench Press","3","Straight Set","6","","","","","","","","","",""
"Advanced Program","Bret Contreras","A program for advanced lifters using heavier loading and advanced training schemes.","12 weeks","Advanced","Access to a commercial gym","4","Weeks 9-12","Incorporates advanced techniques and heavy loading.","3","Week 9-12","Third 4 weeks of the advanced program.","11","Workout Day 3","Day 3","","Nordic Ham Curl","3","Straight Set","6","","","","","","","","","",""
"Advanced Program","Bret Contreras","A program for advanced lifters using heavier loading and advanced training schemes.","12 weeks","Advanced","Access to a commercial gym","4","Weeks 9-12","Incorporates advanced techniques and heavy loading.","3","Week 9-12","Third 4 weeks of the advanced program.","11","Workout Day 3","Day 3","","Feet-Elevated Inverted Row","3","Straight Set","AMRAP","","","","","","","","","",""
"Advanced Program","Bret Contreras","A program for advanced lifters using heavier loading and advanced training schemes.","12 weeks","Advanced","Access to a commercial gym","4","Weeks 9-12","Incorporates advanced techniques and heavy loading.","3","Week 9-12","Third 4 weeks of the advanced program.","11","Workout Day 3","Day 3","","Lateral Raise","3","Straight Set","10","","","","","","","","","",""
"Advanced Program","Bret Contreras","A program for advanced lifters using heavier loading and advanced training schemes.","12 weeks","Advanced","Access to a commercial gym","4","Weeks 9-12","Incorporates advanced techniques and heavy loading.","3","Week 9-12","Third 4 weeks of the advanced program.","11","Workout Day 3","Day 3","","Superset: Cable Kickback/ Hip Abduction","3","Superset","12, 12","","","","","","","","","",""
"Advanced Program","Bret Contreras","A program for advanced lifters using heavier loading and advanced training schemes.","12 weeks","Advanced","Access to a commercial gym","4","Weeks 9-12","Incorporates advanced techniques and heavy loading.","3","Week 9-12","Third 4 weeks of the advanced program.","12","Workout Day 4","Day 4","","Barbell Hip Thrust","5","Straight Set","5","","","","","","","","","",""
"Advanced Program","Bret Contreras","A program for advanced lifters using heavier loading and advanced training schemes.","12 weeks","Advanced","Access to a commercial gym","4","Weeks 9-12","Incorporates advanced techniques and heavy loading.","3","Week 9-12","Third 4 weeks of the advanced program.","12","Workout Day 4","Day 4","","Arnold Press","3","Straight Set","10","","","","","","","","","",""
"Advanced Program","Bret Contreras","A program for advanced lifters using heavier loading and advanced training schemes.","12 weeks","Advanced","Access to a commercial gym","4","Weeks 9-12","Incorporates advanced techniques and heavy loading.","3","Week 9-12","Third 4 weeks of the advanced program.","12","Workout Day 4","Day 4","","Back Squat","3","Straight Set","10","","","","","","","","","",""
"Advanced Program","Bret Contreras","A program for advanced lifters using heavier loading and advanced training schemes.","12 weeks","Advanced","Access to a commercial gym","4","Weeks 9-12","Incorporates advanced techniques and heavy loading.","3","Week 9-12","Third 4 weeks of the advanced program.","12","Workout Day 4","Day 4","","T-Bar Row","3","Straight Set","10","","","","","","","","","",""
"Advanced Program","Bret Contreras","A program for advanced lifters using heavier loading and advanced training schemes.","12 weeks","Advanced","Access to a commercial gym","4","Weeks 9-12","Incorporates advanced techniques and heavy loading.","3","Week 9-12","Third 4 weeks of the advanced program.","12","Workout Day 4","Day 4","","Dumbbell Glute-Dominant Back Extension","3","Straight Set","12","","","","","","","","","",""
"Advanced Program","Bret Contreras","A program for advanced lifters using heavier loading and advanced training schemes.","12 weeks","Advanced","Access to a commercial gym","4","Weeks 9-12","Incorporates advanced techniques and heavy loading.","3","Week 9-12","Third 4 weeks of the advanced program.","12","Workout Day 4","Day 4","","Burnout: Knee-Banded Glute Bridges/Abductions","3 mins","Burnout","nonstop","","","","","","","","","",""
