Warm-up Type,Component,Details,Duration/Sets/Reps,Intensity/Notes,,,
General Warm-up,Objective,"Elevate core temperature, increase blood flow.",5-10 minutes,"Low intensity (RPE of 5, moderate walk/slow jog, able to talk)",,,
General Warm-up,Exercise Examples,"Stationary bikes, stair climbers, treadmills, jumping jacks, burpees.",,,,,
Specific Warm-up,Objective,"Enhance neuromuscular efficiency, rehearse movements.",,Stop well short of fatigue,,,
Specific Warm-up,For Low-Rep Training (~5 reps or fewer),Set 1: ~40-50% of 1RM; Set 2: ~60-70% of 1RM.,"At least 2 sets, 6-8 reps per set",,,,
Specific Warm-up,For Medium-Rep Training (8-12 reps),One set for multijoint free weight exercises.,1 set,~50% of 1RM,,,
Specific Warm-up,For High-Rep Training (15+ reps),Not necessary. Initial reps of working set serve as rehearsal.,,,,,
Stretching,Static Stretching,Best performed after workout.,,Avoid before high force output activities,,,
Stretching,Dynamic Stretching,"Slow, controlled movements through full range of motion.",Several sets,"Specific to joint actions being trained (e.g., arm swings, hip twists)",,,
,,,,,,,
,,,,,,,
Break-In Phase,Section,Training variable,Protocol,,,,
Break-In Phase,Summary,Sets,4 per exercise,,,,
Break-In Phase,Summary,Repetitions,10-15,,,,
Break-In Phase,Summary,Rest intervals,2 min,,,,
Break-In Phase,Summary,Frequency,3 days a week,,,,
Break-In Phase,Summary,Intensity of Effort,"Weeks 1-2: RTF 4; Weeks 3-4: Sets 1-2 RTF 3, Sets 3-4 RTF 2; Weeks 5+: Set 1 RTF 3, Set 2 RTF 2, Set 3 RTF 1, Set 4 RTF 0",,,,
,,,,,,,
Break-In Phase,Week,Day,Exercise,Sets,Repetitions,Rest interval,Intensity of Effort
Break-In Phase,1-2,"Monday, Wednesday, Friday",Dumbbell chest press,4,10-15,2 min,RTF 4
Break-In Phase,1-2,"Monday, Wednesday, Friday",Dumbbell single-arm row,4,10-15,2 min,RTF 4
Break-In Phase,1-2,"Monday, Wednesday, Friday",Military press,4,10-15,2 min,RTF 4
Break-In Phase,1-2,"Monday, Wednesday, Friday",Barbell back squat,4,10-15,2 min,RTF 4
Break-In Phase,1-2,"Monday, Wednesday, Friday",Dumbbell lunge,4,10-15,2 min,RTF 4
Break-In Phase,1-2,"Monday, Wednesday, Friday",Dumbbell stiff-leg deadlift,4,10-15,2 min,RTF 4
Break-In Phase,3-4,"Monday, Wednesday, Friday",Dumbbell chest press,4,10-15,2 min,Sets 1-2: RTF 3; Sets 3-4: RTF 2
Break-In Phase,3-4,"Monday, Wednesday, Friday",Dumbbell single-arm row,4,10-15,2 min,Sets 1-2: RTF 3; Sets 3-4: RTF 2
Break-In Phase,3-4,"Monday, Wednesday, Friday",Military press,4,10-15,2 min,Sets 1-2: RTF 3; Sets 3-4: RTF 2
Break-In Phase,3-4,"Monday, Wednesday, Friday",Barbell back squat,4,10-15,2 min,Sets 1-2: RTF 3; Sets 3-4: RTF 2
Break-In Phase,3-4,"Monday, Wednesday, Friday",Dumbbell lunge,4,10-15,2 min,Sets 1-2: RTF 3; Sets 3-4: RTF 2
Break-In Phase,3-4,"Monday, Wednesday, Friday",Dumbbell stiff-leg deadlift,4,10-15,2 min,Sets 1-2: RTF 3; Sets 3-4: RTF 2
Break-In Phase,5-7,"Monday, Wednesday, Friday",Dumbbell chest press,4,10-15,2 min,Set 1: RTF 3; Set 2: RTF 2; Set 3: RTF 1; Set 4: RTF 0
Break-In Phase,5-7,"Monday, Wednesday, Friday",Dumbbell single-arm row,4,10-15,2 min,Set 1: RTF 3; Set 2: RTF 2; Set 3: RTF 1; Set 4: RTF 0
Break-In Phase,5-7,"Monday, Wednesday, Friday",Military press,4,10-15,2 min,Set 1: RTF 3; Set 2: RTF 2; Set 3: RTF 1; Set 4: RTF 0
Break-In Phase,5-7,"Monday, Wednesday, Friday",Barbell back squat,4,10-15,2 min,Set 1: RTF 3; Set 2: RTF 2; Set 3: RTF 1; Set 4: RTF 0
Break-In Phase,5-7,"Monday, Wednesday, Friday",Dumbbell lunge,4,10-15,2 min,Set 1: RTF 3; Set 2: RTF 2; Set 3: RTF 1; Set 4: RTF 0
Break-In Phase,5-7,"Monday, Wednesday, Friday",Dumbbell stiff-leg deadlift,4,10-15,2 min,Set 1: RTF 3; Set 2: RTF 2; Set 3: RTF 1; Set 4: RTF 0
Break-In Phase,8,"Monday, Thursday",Dumbbell chest press,2,15-20,2 min,RTF 4
Break-In Phase,8,"Monday, Thursday",Dumbbell single-arm row,2,15-20,2 min,RTF 4
Break-In Phase,8,"Monday, Thursday",Military press,2,15-20,2 min,RTF 4
Break-In Phase,8,"Monday, Thursday",Barbell back squat,2,15-20,2 min,RTF 4
Break-In Phase,8,"Monday, Thursday",Dumbbell lunge,2,15-20,2 min,RTF 4
Break-In Phase,8,"Monday, Thursday",Dumbbell stiff-leg deadlift,2,15-20,2 min,RTF 4
,,,,,,,
,,,,,,,
Basic Training Phase,Section,Training variable,Protocol,,,,
Basic Training Phase,Summary,Sets,2-5 per exercise,,,,
Basic Training Phase,Summary,Repetitions,3-25,,,,
Basic Training Phase,Summary,Rest interval,30 sec to 3 min,,,,
Basic Training Phase,Summary,Frequency,3 days a week,,,,
Basic Training Phase,Summary,Intensity of Effort,Set 1: RTF 2; Set 2: RTF 1; Set 3: RTF 0,,,,
,,,,,,,
Basic Training Phase,Week,Day,Exercise,Sets,Repetitions,Rest interval,Intensity of Effort
Basic Training Phase,1,Monday (heavy),Dumbbell chest press,4 or 5,3-5,2-3 min,Set 1: RTF 2; Set 2: RTF 1; Set 3: RTF 0
Basic Training Phase,1,Monday (heavy),Dumbbell single-arm row,4 or 5,3-5,2-3 min,Set 1: RTF 2; Set 2: RTF 1; Set 3: RTF 0
Basic Training Phase,1,Monday (heavy),Military press,4 or 5,3-5,2-3 min,Set 1: RTF 2; Set 2: RTF 1; Set 3: RTF 0
Basic Training Phase,1,Monday (heavy),Barbell back squat,4 or 5,3-5,2-3 min,Set 1: RTF 2; Set 2: RTF 1; Set 3: RTF 0
Basic Training Phase,1,Monday (heavy),Barbell hip thrust,4 or 5,3-5,2-3 min,Set 1: RTF 2; Set 2: RTF 1; Set 3: RTF 0
Basic Training Phase,1,Monday (heavy),Barbell stiff-leg deadlift,4 or 5,3-5,2-3 min,Set 1: RTF 2; Set 2: RTF 1; Set 3: RTF 0
Basic Training Phase,1,Wednesday (moderate),Barbell incline press,3 or 4,8-12,90-120 sec,Set 1: RTF 2; Set 2: RTF 1; Set 3: RTF 0
Basic Training Phase,1,Wednesday (moderate),Neutral-grip lat pull-down,3 or 4,8-12,90-120 sec,Set 1: RTF 2; Set 2: RTF 1; Set 3: RTF 0
Basic Training Phase,1,Wednesday (moderate),Cable upright row,3 or 4,8-12,90-120 sec,Set 1: RTF 2; Set 2: RTF 1; Set 3: RTF 0
Basic Training Phase,1,Wednesday (moderate),Dumbbell incline biceps curl,2 or 3,8-12,90-120 sec,Set 1: RTF 2; Set 2: RTF 1; Set 3: RTF 0
Basic Training Phase,1,Wednesday (moderate),Cable rope overhead triceps extension,2 or 3,8-12,90-120 sec,Set 1: RTF 2; Set 2: RTF 1; Set 3: RTF 0
Basic Training Phase,1,Wednesday (moderate),Leg press,3 or 4,8-12,90-120 sec,Set 1: RTF 2; Set 2: RTF 1; Set 3: RTF 0
Basic Training Phase,1,Wednesday (moderate),Machine seated leg curl,3 or 4,8-12,90-120 sec,Set 1: RTF 2; Set 2: RTF 1; Set 3: RTF 0
Basic Training Phase,1,Wednesday (moderate),Dumbbell standing calf raise,2 or 3,8-12,90-120 sec,Set 1: RTF 2; Set 2: RTF 1; Set 3: RTF 0
Basic Training Phase,1,Wednesday (moderate),Cable kneeling rope crunch,2 or 3,8-12,90-120 sec,Set 1: RTF 2; Set 2: RTF 1; Set 3: RTF 0
Basic Training Phase,1,Friday (light),Low cable fly,2 or 3,15-25,30-60 sec,Set 1: RTF 2; Set 2: RTF 1; Set 3: RTF 0
Basic Training Phase,1,Friday (light),Cable seated row,2 or 3,15-25,30-60 sec,Set 1: RTF 2; Set 2: RTF 1; Set 3: RTF 0
Basic Training Phase,1,Friday (light),Machine lateral raise,2 or 3,15-25,30-60 sec,Set 1: RTF 2; Set 2: RTF 1; Set 3: RTF 0
Basic Training Phase,1,Friday (light),Dumbbell hammer curl,2 or 3,15-25,30-60 sec,Set 1: RTF 2; Set 2: RTF 1; Set 3: RTF 0
Basic Training Phase,1,Friday (light),Cable triceps kickback,2 or 3,15-25,30-60 sec,Set 1: RTF 2; Set 2: RTF 1; Set 3: RTF 0
Basic Training Phase,1,Friday (light),Leg extension,2 or 3,15-25,30-60 sec,Set 1: RTF 2; Set 2: RTF 1; Set 3: RTF 0
Basic Training Phase,1,Friday (light),Cable glute back kick,2 or 3,15-25,30-60 sec,Set 1: RTF 2; Set 2: RTF 1; Set 3: RTF 0
Basic Training Phase,1,Friday (light),Machine seated calf raise,2 or 3,15-25,30-60 sec,Set 1: RTF 2; Set 2: RTF 1; Set 3: RTF 0
Basic Training Phase,1,Friday (light),Reverse crunch,2 or 3,15-25,30-60 sec,Set 1: RTF 2; Set 2: RTF 1; Set 3: RTF 0
Basic Training Phase,2,Monday (heavy),Dumbbell chest press,4 or 5,3-5,2-3 min,Set 1: RTF 2; Set 2: RTF 1; Set 3: RTF 0
Basic Training Phase,2,Monday (heavy),Dumbbell single-arm row,4 or 5,3-5,2-3 min,Set 1: RTF 2; Set 2: RTF 1; Set 3: RTF 0
Basic Training Phase,2,Monday (heavy),Military press,4 or 5,3-5,2-3 min,Set 1: RTF 2; Set 2: RTF 1; Set 3: RTF 0
Basic Training Phase,2,Monday (heavy),Barbell back squat,4 or 5,3-5,2-3 min,Set 1: RTF 2; Set 2: RTF 1; Set 3: RTF 0
Basic Training Phase,2,Monday (heavy),Barbell hip thrust,4 or 5,3-5,2-3 min,Set 1: RTF 2; Set 2: RTF 1; Set 3: RTF 0
Basic Training Phase,2,Monday (heavy),Barbell stiff-leg deadlift,4 or 5,3-5,2-3 min,Set 1: RTF 2; Set 2: RTF 1; Set 3: RTF 0
Basic Training Phase,2,Wednesday (moderate),Barbell incline press,3 or 4,8-12,90-120 sec,Set 1: RTF 2; Set 2: RTF 1; Set 3: RTF 0
Basic Training Phase,2,Wednesday (moderate),Neutral-grip lat pull-down,3 or 4,8-12,90-120 sec,Set 1: RTF 2; Set 2: RTF 1; Set 3: RTF 0
Basic Training Phase,2,Wednesday (moderate),Cable upright row,3 or 4,8-12,90-120 sec,Set 1: RTF 2; Set 2: RTF 1; Set 3: RTF 0
Basic Training Phase,2,Wednesday (moderate),Dumbbell incline biceps curl,2 or 3,8-12,90-120 sec,Set 1: RTF 2; Set 2: RTF 1; Set 3: RTF 0
Basic Training Phase,2,Wednesday (moderate),Cable rope overhead triceps extension,2 or 3,8-12,90-120 sec,Set 1: RTF 2; Set 2: RTF 1; Set 3: RTF 0
Basic Training Phase,2,Wednesday (moderate),Leg press,3 or 4,8-12,90-120 sec,Set 1: RTF 2; Set 2: RTF 1; Set 3: RTF 0
Basic Training Phase,2,Wednesday (moderate),Machine seated leg curl,3 or 4,8-12,90-120 sec,Set 1: RTF 2; Set 2: RTF 1; Set 3: RTF 0
Basic Training Phase,2,Wednesday (moderate),Dumbbell standing calf raise,2 or 3,8-12,90-120 sec,Set 1: RTF 2; Set 2: RTF 1; Set 3: RTF 0
Basic Training Phase,2,Wednesday (moderate),Cable kneeling rope crunch,2 or 3,8-12,90-120 sec,Set 1: RTF 2; Set 2: RTF 1; Set 3: RTF 0
Basic Training Phase,2,Friday (light),Low cable fly,2 or 3,15-25,30-60 sec,Set 1: RTF 2; Set 2: RTF 1; Set 3: RTF 0
Basic Training Phase,2,Friday (light),Cable seated row,2 or 3,15-25,30-60 sec,Set 1: RTF 2; Set 2: RTF 1; Set 3: RTF 0
Basic Training Phase,2,Friday (light),Machine lateral raise,2 or 3,15-25,30-60 sec,Set 1: RTF 2; Set 2: RTF 1; Set 3: RTF 0
Basic Training Phase,2,Friday (light),Dumbbell hammer curl,2 or 3,15-25,30-60 sec,Set 1: RTF 2; Set 2: RTF 1; Set 3: RTF 0
Basic Training Phase,2,Friday (light),Cable triceps kickback,2 or 3,15-25,30-60 sec,Set 1: RTF 2; Set 2: RTF 1; Set 3: RTF 0
Basic Training Phase,2,Friday (light),Leg extension,2 or 3,15-25,30-60 sec,Set 1: RTF 2; Set 2: RTF 1; Set 3: RTF 0
Basic Training Phase,2,Friday (light),Cable glute back kick,2 or 3,15-25,30-60 sec,Set 1: RTF 2; Set 2: RTF 1; Set 3: RTF 0
Basic Training Phase,2,Friday (light),Machine seated calf raise,2 or 3,15-25,30-60 sec,Set 1: RTF 2; Set 2: RTF 1; Set 3: RTF 0
Basic Training Phase,2,Friday (light),Reverse crunch,2 or 3,15-25,30-60 sec,Set 1: RTF 2; Set 2: RTF 1; Set 3: RTF 0
Basic Training Phase,3,Monday (heavy),Dumbbell chest press,4 or 5,3-5,2-3 min,Set 1: RTF 2; Set 2: RTF 1; Set 3: RTF 0
Basic Training Phase,3,Monday (heavy),Dumbbell single-arm row,4 or 5,3-5,2-3 min,Set 1: RTF 2; Set 2: RTF 1; Set 3: RTF 0
Basic Training Phase,3,Monday (heavy),Military press,4 or 5,3-5,2-3 min,Set 1: RTF 2; Set 2: RTF 1; Set 3: RTF 0
Basic Training Phase,3,Monday (heavy),Barbell back squat,4 or 5,3-5,2-3 min,Set 1: RTF 2; Set 2: RTF 1; Set 3: RTF 0
Basic Training Phase,3,Monday (heavy),Barbell hip thrust,4 or 5,3-5,2-3 min,Set 1: RTF 2; Set 2: RTF 1; Set 3: RTF 0
Basic Training Phase,3,Monday (heavy),Barbell stiff-leg deadlift,4 or 5,3-5,2-3 min,Set 1: RTF 2; Set 2: RTF 1; Set 3: RTF 0
Basic Training Phase,3,Wednesday (moderate),Barbell incline press,3 or 4,8-12,90-120 sec,Set 1: RTF 2; Set 2: RTF 1; Set 3: RTF 0
Basic Training Phase,3,Wednesday (moderate),Neutral-grip lat pull-down,3 or 4,8-12,90-120 sec,Set 1: RTF 2; Set 2: RTF 1; Set 3: RTF 0
Basic Training Phase,3,Wednesday (moderate),Cable upright row,3 or 4,8-12,90-120 sec,Set 1: RTF 2; Set 2: RTF 1; Set 3: RTF 0
Basic Training Phase,3,Wednesday (moderate),Dumbbell incline biceps curl,2 or 3,8-12,90-120 sec,Set 1: RTF 2; Set 2: RTF 1; Set 3: RTF 0
Basic Training Phase,3,Wednesday (moderate),Cable rope overhead triceps extension,2 or 3,8-12,90-120 sec,Set 1: RTF 2; Set 2: RTF 1; Set 3: RTF 0
Basic Training Phase,3,Wednesday (moderate),Leg press,3 or 4,8-12,90-120 sec,Set 1: RTF 2; Set 2: RTF 1; Set 3: RTF 0
Basic Training Phase,3,Wednesday (moderate),Machine seated leg curl,3 or 4,8-12,90-120 sec,Set 1: RTF 2; Set 2: RTF 1; Set 3: RTF 0
Basic Training Phase,3,Wednesday (moderate),Dumbbell standing calf raise,2 or 3,8-12,90-120 sec,Set 1: RTF 2; Set 2: RTF 1; Set 3: RTF 0
Basic Training Phase,3,Wednesday (moderate),Cable kneeling rope crunch,2 or 3,8-12,90-120 sec,Set 1: RTF 2; Set 2: RTF 1; Set 3: RTF 0
Basic Training Phase,3,Friday (light),Low cable fly,2 or 3,15-25,30-60 sec,Set 1: RTF 2; Set 2: RTF 1; Set 3: RTF 0
Basic Training Phase,3,Friday (light),Cable seated row,2 or 3,15-25,30-60 sec,Set 1: RTF 2; Set 2: RTF 1; Set 3: RTF 0
Basic Training Phase,3,Friday (light),Machine lateral raise,2 or 3,15-25,30-60 sec,Set 1: RTF 2; Set 2: RTF 1; Set 3: RTF 0
Basic Training Phase,3,Friday (light),Dumbbell hammer curl,2 or 3,15-25,30-60 sec,Set 1: RTF 2; Set 2: RTF 1; Set 3: RTF 0
Basic Training Phase,3,Friday (light),Cable triceps kickback,2 or 3,15-25,30-60 sec,Set 1: RTF 2; Set 2: RTF 1; Set 3: RTF 0
Basic Training Phase,3,Friday (light),Leg extension,2 or 3,15-25,30-60 sec,Set 1: RTF 2; Set 2: RTF 1; Set 3: RTF 0
Basic Training Phase,3,Friday (light),Cable glute back kick,2 or 3,15-25,30-60 sec,Set 1: RTF 2; Set 2: RTF 1; Set 3: RTF 0
Basic Training Phase,3,Friday (light),Machine seated calf raise,2 or 3,15-25,30-60 sec,Set 1: RTF 2; Set 2: RTF 1; Set 3: RTF 0
Basic Training Phase,3,Friday (light),Reverse crunch,2 or 3,15-25,30-60 sec,Set 1: RTF 2; Set 2: RTF 1; Set 3: RTF 0
Basic Training Phase,4,"Monday, Thursday",Dumbbell chest press,2,15-20,2 min,RTF 3
Basic Training Phase,4,"Monday, Thursday",Dumbbell single-arm row,2,15-20,2 min,RTF 3
Basic Training Phase,4,"Monday, Thursday",Military press,2,15-20,2 min,RTF 3
Basic Training Phase,4,"Monday, Thursday",Barbell back squat,2,15-20,2 min,RTF 3
Basic Training Phase,4,"Monday, Thursday",Dumbbell lunge,2,15-20,2 min,RTF 3
Basic Training Phase,4,"Monday, Thursday",Dumbbell stiff-leg deadlift,2,15-20,2 min,RTF 3
Basic Training Phase,1,Monday (heavy),Dumbbell chest press,4 or 5,3-5,2-3 min,Set 1: RTF 2; Set 2: RTF 1; Set 3: RTF 0
Basic Training Phase,1,Monday (heavy),Dumbbell single-arm row,4 or 5,3-5,2-3 min,Set 1: RTF 2; Set 2: RTF 1; Set 3: RTF 0
Basic Training Phase,1,Monday (heavy),Military press,4 or 5,3-5,2-3 min,Set 1: RTF 2; Set 2: RTF 1; Set 3: RTF 0
Basic Training Phase,1,Monday (heavy),Barbell back squat,4 or 5,3-5,2-3 min,Set 1: RTF 2; Set 2: RTF 1; Set 3: RTF 0
Basic Training Phase,1,Monday (heavy),Barbell hip thrust,4 or 5,3-5,2-3 min,Set 1: RTF 2; Set 2: RTF 1; Set 3: RTF 0
Basic Training Phase,1,Monday (heavy),Barbell stiff-leg deadlift,4 or 5,3-5,2-3 min,Set 1: RTF 2; Set 2: RTF 1; Set 3: RTF 0
Basic Training Phase,1,Wednesday (moderate),Barbell incline press,3 or 4,8-12,90-120 sec,Set 1: RTF 2; Set 2: RTF 1; Set 3: RTF 0
Basic Training Phase,1,Wednesday (moderate),Neutral-grip lat pull-down,3 or 4,8-12,90-120 sec,Set 1: RTF 2; Set 2: RTF 1; Set 3: RTF 0
Basic Training Phase,1,Wednesday (moderate),Cable upright row,3 or 4,8-12,90-120 sec,Set 1: RTF 2; Set 2: RTF 1; Set 3: RTF 0
Basic Training Phase,1,Wednesday (moderate),Dumbbell incline biceps curl,2 or 3,8-12,90-120 sec,Set 1: RTF 2; Set 2: RTF 1; Set 3: RTF 0
Basic Training Phase,1,Wednesday (moderate),Cable rope overhead triceps extension,2 or 3,8-12,90-120 sec,Set 1: RTF 2; Set 2: RTF 1; Set 3: RTF 0
Basic Training Phase,1,Wednesday (moderate),Leg press,3 or 4,8-12,90-120 sec,Set 1: RTF 2; Set 2: RTF 1; Set 3: RTF 0
Basic Training Phase,1,Wednesday (moderate),Machine seated leg curl,3 or 4,8-12,90-120 sec,Set 1: RTF 2; Set 2: RTF 1; Set 3: RTF 0
Basic Training Phase,1,Wednesday (moderate),Dumbbell standing calf raise,2 or 3,8-12,90-120 sec,Set 1: RTF 2; Set 2: RTF 1; Set 3: RTF 0
Basic Training Phase,1,Wednesday (moderate),Cable kneeling rope crunch,2 or 3,8-12,90-120 sec,Set 1: RTF 2; Set 2: RTF 1; Set 3: RTF 0
Basic Training Phase,1,Friday (light),Low cable fly,2 or 3,15-25,30-60 sec,Set 1: RTF 2; Set 2: RTF 1; Set 3: RTF 0
Basic Training Phase,1,Friday (light),Cable seated row,2 or 3,15-25,30-60 sec,Set 1: RTF 2; Set 2: RTF 1; Set 3: RTF 0
Basic Training Phase,1,Friday (light),Machine lateral raise,2 or 3,15-25,30-60 sec,Set 1: RTF 2; Set 2: RTF 1; Set 3: RTF 0
Basic Training Phase,1,Friday (light),Dumbbell hammer curl,2 or 3,15-25,30-60 sec,Set 1: RTF 2; Set 2: RTF 1; Set 3: RTF 0
Basic Training Phase,1,Friday (light),Cable triceps kickback,2 or 3,15-25,30-60 sec,Set 1: RTF 2; Set 2: RTF 1; Set 3: RTF 0
Basic Training Phase,1,Friday (light),Leg extension,2 or 3,15-25,30-60 sec,Set 1: RTF 2; Set 2: RTF 1; Set 3: RTF 0
Basic Training Phase,1,Friday (light),Cable glute back kick,2 or 3,15-25,30-60 sec,Set 1: RTF 2; Set 2: RTF 1; Set 3: RTF 0
Basic Training Phase,1,Friday (light),Machine seated calf raise,2 or 3,15-25,30-60 sec,Set 1: RTF 2; Set 2: RTF 1; Set 3: RTF 0
Basic Training Phase,1,Friday (light),Reverse crunch,2 or 3,15-25,30-60 sec,Set 1: RTF 2; Set 2: RTF 1; Set 3: RTF 0
Basic Training Phase,2,Monday (heavy),Dumbbell chest press,4 or 5,3-5,2-3 min,Set 1: RTF 2; Set 2: RTF 1; Set 3: RTF 0
Basic Training Phase,2,Monday (heavy),Dumbbell single-arm row,4 or 5,3-5,2-3 min,Set 1: RTF 2; Set 2: RTF 1; Set 3: RTF 0
Basic Training Phase,2,Monday (heavy),Military press,4 or 5,3-5,2-3 min,Set 1: RTF 2; Set 2: RTF 1; Set 3: RTF 0
Basic Training Phase,2,Monday (heavy),Barbell back squat,4 or 5,3-5,2-3 min,Set 1: RTF 2; Set 2: RTF 1; Set 3: RTF 0
Basic Training Phase,2,Monday (heavy),Barbell hip thrust,4 or 5,3-5,2-3 min,Set 1: RTF 2; Set 2: RTF 1; Set 3: RTF 0
Basic Training Phase,2,Monday (heavy),Barbell stiff-leg deadlift,4 or 5,3-5,2-3 min,Set 1: RTF 2; Set 2: RTF 1; Set 3: RTF 0
Basic Training Phase,2,Wednesday (moderate),Barbell incline press,3 or 4,8-12,90-120 sec,Set 1: RTF 2; Set 2: RTF 1; Set 3: RTF 0
Basic Training Phase,2,Wednesday (moderate),Neutral-grip lat pull-down,3 or 4,8-12,90-120 sec,Set 1: RTF 2; Set 2: RTF 1; Set 3: RTF 0
Basic Training Phase,2,Wednesday (moderate),Cable upright row,3 or 4,8-12,90-120 sec,Set 1: RTF 2; Set 2: RTF 1; Set 3: RTF 0
Basic Training Phase,2,Wednesday (moderate),Dumbbell incline biceps curl,2 or 3,8-12,90-120 sec,Set 1: RTF 2; Set 2: RTF 1; Set 3: RTF 0
Basic Training Phase,2,Wednesday (moderate),Cable rope overhead triceps extension,2 or 3,8-12,90-120 sec,Set 1: RTF 2; Set 2: RTF 1; Set 3: RTF 0
Basic Training Phase,2,Wednesday (moderate),Leg press,3 or 4,8-12,90-120 sec,Set 1: RTF 2; Set 2: RTF 1; Set 3: RTF 0
Basic Training Phase,2,Wednesday (moderate),Machine seated leg curl,3 or 4,8-12,90-120 sec,Set 1: RTF 2; Set 2: RTF 1; Set 3: RTF 0
Basic Training Phase,2,Wednesday (moderate),Dumbbell standing calf raise,2 or 3,8-12,90-120 sec,Set 1: RTF 2; Set 2: RTF 1; Set 3: RTF 0
Basic Training Phase,2,Wednesday (moderate),Cable kneeling rope crunch,2 or 3,8-12,90-120 sec,Set 1: RTF 2; Set 2: RTF 1; Set 3: RTF 0
Basic Training Phase,2,Friday (light),Low cable fly,2 or 3,15-25,30-60 sec,Set 1: RTF 2; Set 2: RTF 1; Set 3: RTF 0
Basic Training Phase,2,Friday (light),Cable seated row,2 or 3,15-25,30-60 sec,Set 1: RTF 2; Set 2: RTF 1; Set 3: RTF 0
Basic Training Phase,2,Friday (light),Machine lateral raise,2 or 3,15-25,30-60 sec,Set 1: RTF 2; Set 2: RTF 1; Set 3: RTF 0
Basic Training Phase,2,Friday (light),Dumbbell hammer curl,2 or 3,15-25,30-60 sec,Set 1: RTF 2; Set 2: RTF 1; Set 3: RTF 0
Basic Training Phase,2,Friday (light),Cable triceps kickback,2 or 3,15-25,30-60 sec,Set 1: RTF 2; Set 2: RTF 1; Set 3: RTF 0
Basic Training Phase,2,Friday (light),Leg extension,2 or 3,15-25,30-60 sec,Set 1: RTF 2; Set 2: RTF 1; Set 3: RTF 0
Basic Training Phase,2,Friday (light),Cable glute back kick,2 or 3,15-25,30-60 sec,Set 1: RTF 2; Set 2: RTF 1; Set 3: RTF 0
Basic Training Phase,2,Friday (light),Machine seated calf raise,2 or 3,15-25,30-60 sec,Set 1: RTF 2; Set 2: RTF 1; Set 3: RTF 0
Basic Training Phase,2,Friday (light),Reverse crunch,2 or 3,15-25,30-60 sec,Set 1: RTF 2; Set 2: RTF 1; Set 3: RTF 0
Basic Training Phase,3,Monday (heavy),Dumbbell chest press,4 or 5,3-5,2-3 min,Set 1: RTF 2; Set 2: RTF 1; Set 3: RTF 0
Basic Training Phase,3,Monday (heavy),Dumbbell single-arm row,4 or 5,3-5,2-3 min,Set 1: RTF 2; Set 2: RTF 1; Set 3: RTF 0
Basic Training Phase,3,Monday (heavy),Military press,4 or 5,3-5,2-3 min,Set 1: RTF 2; Set 2: RTF 1; Set 3: RTF 0
Basic Training Phase,3,Monday (heavy),Barbell back squat,4 or 5,3-5,2-3 min,Set 1: RTF 2; Set 2: RTF 1; Set 3: RTF 0
Basic Training Phase,3,Monday (heavy),Barbell hip thrust,4 or 5,3-5,2-3 min,Set 1: RTF 2; Set 2: RTF 1; Set 3: RTF 0
Basic Training Phase,3,Monday (heavy),Barbell stiff-leg deadlift,4 or 5,3-5,2-3 min,Set 1: RTF 2; Set 2: RTF 1; Set 3: RTF 0
Basic Training Phase,3,Wednesday (moderate),Barbell incline press,3 or 4,8-12,90-120 sec,Set 1: RTF 2; Set 2: RTF 1; Set 3: RTF 0
Basic Training Phase,3,Wednesday (moderate),Neutral-grip lat pull-down,3 or 4,8-12,90-120 sec,Set 1: RTF 2; Set 2: RTF 1; Set 3: RTF 0
Basic Training Phase,3,Wednesday (moderate),Cable upright row,3 or 4,8-12,90-120 sec,Set 1: RTF 2; Set 2: RTF 1; Set 3: RTF 0
Basic Training Phase,3,Wednesday (moderate),Dumbbell incline biceps curl,2 or 3,8-12,90-120 sec,Set 1: RTF 2; Set 2: RTF 1; Set 3: RTF 0
Basic Training Phase,3,Wednesday (moderate),Cable rope overhead triceps extension,2 or 3,8-12,90-120 sec,Set 1: RTF 2; Set 2: RTF 1; Set 3: RTF 0
Basic Training Phase,3,Wednesday (moderate),Leg press,3 or 4,8-12,90-120 sec,Set 1: RTF 2; Set 2: RTF 1; Set 3: RTF 0
Basic Training Phase,3,Wednesday (moderate),Machine seated leg curl,3 or 4,8-12,90-120 sec,Set 1: RTF 2; Set 2: RTF 1; Set 3: RTF 0
Basic Training Phase,3,Wednesday (moderate),Dumbbell standing calf raise,2 or 3,8-12,90-120 sec,Set 1: RTF 2; Set 2: RTF 1; Set 3: RTF 0
Basic Training Phase,3,Wednesday (moderate),Cable kneeling rope crunch,2 or 3,8-12,90-120 sec,Set 1: RTF 2; Set 2: RTF 1; Set 3: RTF 0
Basic Training Phase,3,Friday (light),Low cable fly,2 or 3,15-25,30-60 sec,Set 1: RTF 2; Set 2: RTF 1; Set 3: RTF 0
Basic Training Phase,3,Friday (light),Cable seated row,2 or 3,15-25,30-60 sec,Set 1: RTF 2; Set 2: RTF 1; Set 3: RTF 0
Basic Training Phase,3,Friday (light),Machine lateral raise,2 or 3,15-25,30-60 sec,Set 1: RTF 2; Set 2: RTF 1; Set 3: RTF 0
Basic Training Phase,3,Friday (light),Dumbbell hammer curl,2 or 3,15-25,30-60 sec,Set 1: RTF 2; Set 2: RTF 1; Set 3: RTF 0
Basic Training Phase,3,Friday (light),Cable triceps kickback,2 or 3,15-25,30-60 sec,Set 1: RTF 2; Set 2: RTF 1; Set 3: RTF 0
Basic Training Phase,3,Friday (light),Leg extension,2 or 3,15-25,30-60 sec,Set 1: RTF 2; Set 2: RTF 1; Set 3: RTF 0
Basic Training Phase,3,Friday (light),Cable glute back kick,2 or 3,15-25,30-60 sec,Set 1: RTF 2; Set 2: RTF 1; Set 3: RTF 0
Basic Training Phase,3,Friday (light),Machine seated calf raise,2 or 3,15-25,30-60 sec,Set 1: RTF 2; Set 2: RTF 1; Set 3: RTF 0
Basic Training Phase,3,Friday (light),Reverse crunch,2 or 3,15-25,30-60 sec,Set 1: RTF 2; Set 2: RTF 1; Set 3: RTF 0
Basic Training Phase,4,"Monday, Thursday",Dumbbell chest press,2,15-20,2 min,RTF 3
Basic Training Phase,4,"Monday, Thursday",Dumbbell single-arm row,2,15-20,2 min,RTF 3
Basic Training Phase,4,"Monday, Thursday",Military press,2,15-20,2 min,RTF 3
Basic Training Phase,4,"Monday, Thursday",Barbell back squat,2,15-20,2 min,RTF 3
Basic Training Phase,4,"Monday, Thursday",Dumbbell lunge,2,15-20,2 min,RTF 3
Basic Training Phase,4,"Monday, Thursday",Dumbbell stiff-leg deadlift,2,15-20,2 min,RTF 3
,,,,,,,
,,,,,,,
Advanced Body-Sculpting Phase,Section,Body region,Sets,Repetitions,Rest interval,Intensity of Effort,
Advanced Body-Sculpting Phase,Summary,Day 1 (heavy) Lower,4-6,3-5,2-3 min,Sets 1 & 2: RTF 1; Final Set: RTF 0,
Advanced Body-Sculpting Phase,Summary,Day 2 (heavy) Upper,5-6,3-5,2-3 min,Sets 1 & 2: RTF 1; Final Set: RTF 0,
Advanced Body-Sculpting Phase,Summary,Day 1 (moderate) Lower and abs,2-4,8-12,90-120 sec,Sets 1 & 2: RTF 1; Final Set: RTF 0,
Advanced Body-Sculpting Phase,Summary,Day 2 (moderate) Upper,2-4,8-12,90-120 sec,Sets 1 & 2: RTF 1; Final Set: RTF 0,
Advanced Body-Sculpting Phase,Summary,Day 1 (light) Lower and abs,2-3,15-25,30-60 sec,Sets 1 & 2: RTF 1; Final Set: RTF 0,
Advanced Body-Sculpting Phase,Summary,Day 2 (light) Upper,2-3,15-25,30-60 sec,Sets 1 & 2: RTF 1; Final Set: RTF 0,
,,,,,,,
Advanced Body-Sculpting Phase,Day,,Exercise,Sets,Repetitions,Rest interval,Intensity of Effort
Advanced Body-Sculpting Phase,WEEK 1,Monday (heavy lower),Goblet squat,5 or 6,3-5,2-3 min,Sets 1 & 2: RTF 1; Final Set: RTF 0
Advanced Body-Sculpting Phase,WEEK 1,Monday (heavy lower),Deadlift,5 or 6,3-5,2-3 min,Sets 1 & 2: RTF 1; Final Set: RTF 0
Advanced Body-Sculpting Phase,WEEK 1,Monday (heavy lower),Leg press,5 or 6,3-5,2-3 min,Sets 1 & 2: RTF 1; Final Set: RTF 0
Advanced Body-Sculpting Phase,WEEK 1,Monday (heavy lower),Barbell glute bridge,4 or 5,3-5,2-3 min,Sets 1 & 2: RTF 1; Final Set: RTF 0
Advanced Body-Sculpting Phase,WEEK 1,Monday (heavy lower),Dumbbell stiff-leg deadlift,4 or 5,3-5,2-3 min,Sets 1 & 2: RTF 1; Final Set: RTF 0
Advanced Body-Sculpting Phase,WEEK 1,Tuesday (heavy upper),Barbell chest press,5 or 6,3-5,2-3 min,Sets 1 & 2: RTF 1; Final Set: RTF 0
Advanced Body-Sculpting Phase,WEEK 1,Tuesday (heavy upper),Pull-up,5 or 6,3-5,2-3 min,Sets 1 & 2: RTF 1; Final Set: RTF 0
Advanced Body-Sculpting Phase,WEEK 1,Tuesday (heavy upper),Machine shoulder press,5 or 6,3-5,2-3 min,Sets 1 & 2: RTF 1; Final Set: RTF 0
Advanced Body-Sculpting Phase,WEEK 1,Tuesday (heavy upper),Barbell reverse bent row,5 or 6,3-5,2-3 min,Sets 1 & 2: RTF 1; Final Set: RTF 0
Advanced Body-Sculpting Phase,WEEK 1,Thursday (moderate lower and abs),Barbell front squat,3 or 4,8-12,90-120 sec,Sets 1 & 2: RTF 1; Final Set: RTF 0
Advanced Body-Sculpting Phase,WEEK 1,Thursday (moderate lower and abs),Bulgarian split squat,3 or 4,8-12,90-120 sec,Sets 1 & 2: RTF 1; Final Set: RTF 0
Advanced Body-Sculpting Phase,WEEK 1,Thursday (moderate lower and abs),Barbell hip thrust,3 or 4,8-12,90-120 sec,Sets 1 & 2: RTF 1; Final Set: RTF 0
Advanced Body-Sculpting Phase,WEEK 1,Thursday (moderate lower and abs),Hyperextension,3 or 4,8-12,90-120 sec,Sets 1 & 2: RTF 1; Final Set: RTF 0
Advanced Body-Sculpting Phase,WEEK 1,Thursday (moderate lower and abs),Lying leg curl,2 or 3,8-12,90-120 sec,Set 1: RTF 1; Final Set: RTF 0
Advanced Body-Sculpting Phase,WEEK 1,Thursday (moderate lower and abs),Machine standing calf raise,2 or 3,8-12,90-120 sec,Set 1: RTF 1; Final Set: RTF 0
Advanced Body-Sculpting Phase,WEEK 1,Thursday (moderate lower and abs),Barbell kneeling rollout,2 or 3,8-12,90-120 sec,Set 1: RTF 1; Final Set: RTF 0
Advanced Body-Sculpting Phase,WEEK 1,Thursday (moderate lower and abs),Cable side bend,2 or 3,8-12,90-120 sec,Set 1: RTF 1; Final Set: RTF 0
Advanced Body-Sculpting Phase,WEEK 1,Friday (moderate upper),Machine incline press,3 or 4,8-12,90-120 sec,Sets 1 & 2: RTF 1; Final Set: RTF 0
Advanced Body-Sculpting Phase,WEEK 1,Friday (moderate upper),Flat dumbbell fly,3 or 4,8-12,90-120 sec,Sets 1 & 2: RTF 1; Final Set: RTF 0
Advanced Body-Sculpting Phase,WEEK 1,Friday (moderate upper),Lat pull-down,3 or 4,8-12,90-120 sec,Sets 1 & 2: RTF 1; Final Set: RTF 0
Advanced Body-Sculpting Phase,WEEK 1,Friday (moderate upper),Cable wide-grip seated row,3 or 4,8-12,90-120 sec,Sets 1 & 2: RTF 1; Final Set: RTF 0
Advanced Body-Sculpting Phase,WEEK 1,Friday (moderate upper),Dumbbell shoulder press,3 or 4,8-12,90-120 sec,Sets 1 & 2: RTF 1; Final Set: RTF 0
Advanced Body-Sculpting Phase,WEEK 1,Friday (moderate upper),Cable lateral raise,3 or 4,8-12,90-120 sec,Sets 1 & 2: RTF 1; Final Set: RTF 0
Advanced Body-Sculpting Phase,WEEK 1,Friday (moderate upper),Barbell drag curl,2 or 3,8-12,90-120 sec,Set 1: RTF 1; Final Set: RTF 0
Advanced Body-Sculpting Phase,WEEK 1,Friday (moderate upper),Dumbbell prone incline curl,2 or 3,8-12,90-120 sec,Set 1: RTF 1; Final Set: RTF 0
Advanced Body-Sculpting Phase,WEEK 1,Friday (moderate upper),Machine overhead triceps extension,2 or 3,8-12,90-120 sec,Set 1: RTF 1; Final Set: RTF 0
Advanced Body-Sculpting Phase,WEEK 1,Friday (moderate upper),Triceps dip,2 or 3,8-12,90-120 sec,Set 1: RTF 1; Final Set: RTF 0
Advanced Body-Sculpting Phase,WEEK 1,Monday (light lower and abs),Dumbbell reverse lunge,2 or 3,15-25,30-60 sec,Set 1: RTF 1; Final Set: RTF 0
Advanced Body-Sculpting Phase,WEEK 1,Monday (light lower and abs),Single-leg extension,2 or 3,15-25,30-60 sec,Set 1: RTF 1; Final Set: RTF 0
Advanced Body-Sculpting Phase,WEEK 1,Monday (light lower and abs),Cable standing abduction,2 or 3,15-25,30-60 sec,Set 1: RTF 1; Final Set: RTF 0
Advanced Body-Sculpting Phase,WEEK 1,Monday (light lower and abs),Machine seated leg curl,2 or 3,15-25,30-60 sec,Set 1: RTF 1; Final Set: RTF 0
Advanced Body-Sculpting Phase,WEEK 1,Monday (light lower and abs),Reverse hyperextension,2 or 3,15-25,30-60 sec,Set 1: RTF 1; Final Set: RTF 0
Advanced Body-Sculpting Phase,WEEK 1,Monday (light lower and abs),Machine seated calf raise,2 or 3,15-25,30-60 sec,Set 1: RTF 1; Final Set: RTF 0
Advanced Body-Sculpting Phase,WEEK 1,Monday (light lower and abs),Toe press,2 or 3,15-25,30-60 sec,Set 1: RTF 1; Final Set: RTF 0
Advanced Body-Sculpting Phase,WEEK 1,Monday (light lower and abs),Reverse crunch,2 or 3,15-25,30-60 sec,Set 1: RTF 1; Final Set: RTF 0
Advanced Body-Sculpting Phase,WEEK 1,Monday (light lower and abs),Side bridge,2 or 3,15-25,30-60 sec,Set 1: RTF 1; Final Set: RTF 0
Advanced Body-Sculpting Phase,WEEK 1,Monday (light lower and abs),Dumbbell decline press,2 or 3,15-25,30-60 sec,Set 1: RTF 1; Final Set: RTF 0
Advanced Body-Sculpting Phase,WEEK 1,Monday (light lower and abs),Pec deck fly,2 or 3,15-25,30-60 sec,Set 1: RTF 1; Final Set: RTF 0
Advanced Body-Sculpting Phase,WEEK 1,Monday (light lower and abs),Cross cable pull-down,2 or 3,15-25,30-60 sec,Set 1: RTF 1; Final Set: RTF 0
Advanced Body-Sculpting Phase,WEEK 1,Monday (light lower and abs),Cable single-arm standing low row,2 or 3,15-25,30-60 sec,Set 1: RTF 1; Final Set: RTF 0
Advanced Body-Sculpting Phase,WEEK 1,Monday (light lower and abs),Dumbbell upright row,2 or 3,15-25,30-60 sec,Set 1: RTF 1; Final Set: RTF 0
Advanced Body-Sculpting Phase,WEEK 1,Monday (light lower and abs),Cable reverse fly,2 or 3,15-25,30-60 sec,Set 1: RTF 1; Final Set: RTF 0
Advanced Body-Sculpting Phase,WEEK 1,Monday (light lower and abs),Cable curl,2 or 3,15-25,30-60 sec,Set 1: RTF 1; Final Set: RTF 0
Advanced Body-Sculpting Phase,WEEK 1,Monday (light lower and abs),Barbell reverse curl,2 or 3,15-25,30-60 sec,Set 1: RTF 1; Final Set: RTF 0
Advanced Body-Sculpting Phase,WEEK 1,Monday (light lower and abs),Dumbbell overhead triceps extension,2 or 3,15-25,30-60 sec,Set 1: RTF 1; Final Set: RTF 0
Advanced Body-Sculpting Phase,WEEK 1,Monday (light lower and abs),Skull crusher,2 or 3,15-25,30-60 sec,Set 1: RTF 1; Final Set: RTF 0
Advanced Body-Sculpting Phase,WEEK 2,Monday (heavy lower),Goblet squat,5 or 6,3-5,2-3 min,Sets 1 & 2: RTF 1; Final Set: RTF 0
Advanced Body-Sculpting Phase,WEEK 2,Monday (heavy lower),Deadlift,5 or 6,3-5,2-3 min,Sets 1 & 2: RTF 1; Final Set: RTF 0
Advanced Body-Sculpting Phase,WEEK 2,Monday (heavy lower),Leg press,5 or 6,3-5,2-3 min,Sets 1 & 2: RTF 1; Final Set: RTF 0
Advanced Body-Sculpting Phase,WEEK 2,Monday (heavy lower),Barbell glute bridge,4 or 5,3-5,2-3 min,Sets 1 & 2: RTF 1; Final Set: RTF 0
Advanced Body-Sculpting Phase,WEEK 2,Monday (heavy lower),Dumbbell stiff-leg deadlift,4 or 5,3-5,2-3 min,Sets 1 & 2: RTF 1; Final Set: RTF 0
Advanced Body-Sculpting Phase,WEEK 2,Tuesday (heavy upper),Barbell chest press,5 or 6,3-5,2-3 min,Sets 1 & 2: RTF 1; Final Set: RTF 0
Advanced Body-Sculpting Phase,WEEK 2,Tuesday (heavy upper),Pull-up,5 or 6,3-5,2-3 min,Sets 1 & 2: RTF 1; Final Set: RTF 0
Advanced Body-Sculpting Phase,WEEK 2,Tuesday (heavy upper),Machine shoulder press,5 or 6,3-5,2-3 min,Sets 1 & 2: RTF 1; Final Set: RTF 0
Advanced Body-Sculpting Phase,WEEK 2,Tuesday (heavy upper),Barbell reverse bent row,5 or 6,3-5,2-3 min,Sets 1 & 2: RTF 1; Final Set: RTF 0
Advanced Body-Sculpting Phase,WEEK 2,Thursday (moderate lower and abs),Barbell front squat,3 or 4,8-12,90-120 sec,Sets 1 & 2: RTF 1; Final Set: RTF 0
Advanced Body-Sculpting Phase,WEEK 2,Thursday (moderate lower and abs),Bulgarian split squat,3 or 4,8-12,90-120 sec,Sets 1 & 2: RTF 1; Final Set: RTF 0
Advanced Body-Sculpting Phase,WEEK 2,Thursday (moderate lower and abs),Barbell hip thrust,3 or 4,8-12,90-120 sec,Sets 1 & 2: RTF 1; Final Set: RTF 0
Advanced Body-Sculpting Phase,WEEK 2,Thursday (moderate lower and abs),Hyperextension,3 or 4,8-12,90-120 sec,Sets 1 & 2: RTF 1; Final Set: RTF 0
Advanced Body-Sculpting Phase,WEEK 2,Thursday (moderate lower and abs),Lying leg curl,2 or 3,8-12,90-120 sec,Set 1: RTF 1; Final Set: RTF 0
Advanced Body-Sculpting Phase,WEEK 2,Thursday (moderate lower and abs),Machine standing calf raise,2 or 3,8-12,90-120 sec,Set 1: RTF 1; Final Set: RTF 0
Advanced Body-Sculpting Phase,WEEK 2,Thursday (moderate lower and abs),Barbell kneeling rollout,2 or 3,8-12,90-120 sec,Set 1: RTF 1; Final Set: RTF 0
Advanced Body-Sculpting Phase,WEEK 2,Thursday (moderate lower and abs),Cable side bend,2 or 3,8-12,90-120 sec,Set 1: RTF 1; Final Set: RTF 0
Advanced Body-Sculpting Phase,WEEK 2,Friday (moderate upper),Machine incline press,3 or 4,8-12,90-120 sec,Sets 1 & 2: RTF 1; Final Set: RTF 0
Advanced Body-Sculpting Phase,WEEK 2,Friday (moderate upper),Flat dumbbell fly,3 or 4,8-12,90-120 sec,Sets 1 & 2: RTF 1; Final Set: RTF 0
Advanced Body-Sculpting Phase,WEEK 2,Friday (moderate upper),Lat pull-down,3 or 4,8-12,90-120 sec,Sets 1 & 2: RTF 1; Final Set: RTF 0
Advanced Body-Sculpting Phase,WEEK 2,Friday (moderate upper),Cable wide-grip seated row,3 or 4,8-12,90-120 sec,Sets 1 & 2: RTF 1; Final Set: RTF 0
Advanced Body-Sculpting Phase,WEEK 2,Friday (moderate upper),Dumbbell shoulder press,3 or 4,8-12,90-120 sec,Sets 1 & 2: RTF 1; Final Set: RTF 0
Advanced Body-Sculpting Phase,WEEK 2,Friday (moderate upper),Cable lateral raise,3 or 4,8-12,90-120 sec,Sets 1 & 2: RTF 1; Final Set: RTF 0
Advanced Body-Sculpting Phase,WEEK 2,Friday (moderate upper),Barbell drag curl,2 or 3,8-12,90-120 sec,Set 1: RTF 1; Final Set: RTF 0
Advanced Body-Sculpting Phase,WEEK 2,Friday (moderate upper),Dumbbell prone incline curl,2 or 3,8-12,90-120 sec,Set 1: RTF 1; Final Set: RTF 0
Advanced Body-Sculpting Phase,WEEK 2,Friday (moderate upper),Machine overhead triceps extension,2 or 3,8-12,90-120 sec,Set 1: RTF 1; Final Set: RTF 0
Advanced Body-Sculpting Phase,WEEK 2,Friday (moderate upper),Triceps dip,2 or 3,8-12,90-120 sec,Set 1: RTF 1; Final Set: RTF 0
Advanced Body-Sculpting Phase,WEEK 2,Monday (light lower and abs),Dumbbell reverse lunge,2 or 3,15-25,30-60 sec,Set 1: RTF 1; Final Set: RTF 0
Advanced Body-Sculpting Phase,WEEK 2,Monday (light lower and abs),Single-leg extension,2 or 3,15-25,30-60 sec,Set 1: RTF 1; Final Set: RTF 0
Advanced Body-Sculpting Phase,WEEK 2,Monday (light lower and abs),Cable standing abduction,2 or 3,15-25,30-60 sec,Set 1: RTF 1; Final Set: RTF 0
Advanced Body-Sculpting Phase,WEEK 2,Monday (light lower and abs),Machine seated leg curl,2 or 3,15-25,30-60 sec,Set 1: RTF 1; Final Set: RTF 0
Advanced Body-Sculpting Phase,WEEK 2,Monday (light lower and abs),Reverse hyperextension,2 or 3,15-25,30-60 sec,Set 1: RTF 1; Final Set: RTF 0
Advanced Body-Sculpting Phase,WEEK 2,Monday (light lower and abs),Machine seated calf raise,2 or 3,15-25,30-60 sec,Set 1: RTF 1; Final Set: RTF 0
Advanced Body-Sculpting Phase,WEEK 2,Monday (light lower and abs),Toe press,2 or 3,15-25,30-60 sec,Set 1: RTF 1; Final Set: RTF 0
Advanced Body-Sculpting Phase,WEEK 2,Monday (light lower and abs),Reverse crunch,2 or 3,15-25,30-60 sec,Set 1: RTF 1; Final Set: RTF 0
Advanced Body-Sculpting Phase,WEEK 2,Monday (light lower and abs),Side bridge,2 or 3,15-25,30-60 sec,Set 1: RTF 1; Final Set: RTF 0
Advanced Body-Sculpting Phase,WEEK 2,Monday (light lower and abs),Dumbbell decline press,2 or 3,15-25,30-60 sec,Set 1: RTF 1; Final Set: RTF 0
Advanced Body-Sculpting Phase,WEEK 2,Monday (light lower and abs),Pec deck fly,2 or 3,15-25,30-60 sec,Set 1: RTF 1; Final Set: RTF 0
Advanced Body-Sculpting Phase,WEEK 2,Monday (light lower and abs),Cross cable pull-down,2 or 3,15-25,30-60 sec,Set 1: RTF 1; Final Set: RTF 0
Advanced Body-Sculpting Phase,WEEK 2,Monday (light lower and abs),Cable single-arm standing low row,2 or 3,15-25,30-60 sec,Set 1: RTF 1; Final Set: RTF 0
Advanced Body-Sculpting Phase,WEEK 2,Monday (light lower and abs),Dumbbell upright row,2 or 3,15-25,30-60 sec,Set 1: RTF 1; Final Set: RTF 0
Advanced Body-Sculpting Phase,WEEK 2,Monday (light lower and abs),Cable reverse fly,2 or 3,15-25,30-60 sec,Set 1: RTF 1; Final Set: RTF 0
Advanced Body-Sculpting Phase,WEEK 2,Monday (light lower and abs),Cable curl,2 or 3,15-25,30-60 sec,Set 1: RTF 1; Final Set: RTF 0
Advanced Body-Sculpting Phase,WEEK 2,Monday (light lower and abs),Barbell reverse curl,2 or 3,15-25,30-60 sec,Set 1: RTF 1; Final Set: RTF 0
Advanced Body-Sculpting Phase,WEEK 2,Monday (light lower and abs),Dumbbell overhead triceps extension,2 or 3,15-25,30-60 sec,Set 1: RTF 1; Final Set: RTF 0
Advanced Body-Sculpting Phase,WEEK 2,Monday (light lower and abs),Skull crusher,2 or 3,15-25,30-60 sec,Set 1: RTF 1; Final Set: RTF 0
Advanced Body-Sculpting Phase,WEEK 3,Monday (heavy lower),Goblet squat,5 or 6,3-5,2-3 min,Sets 1 & 2: RTF 1; Final Set: RTF 0
Advanced Body-Sculpting Phase,WEEK 3,Monday (heavy lower),Deadlift,5 or 6,3-5,2-3 min,Sets 1 & 2: RTF 1; Final Set: RTF 0
Advanced Body-Sculpting Phase,WEEK 3,Monday (heavy lower),Leg press,5 or 6,3-5,2-3 min,Sets 1 & 2: RTF 1; Final Set: RTF 0
Advanced Body-Sculpting Phase,WEEK 3,Monday (heavy lower),Barbell glute bridge,4 or 5,3-5,2-3 min,Sets 1 & 2: RTF 1; Final Set: RTF 0
Advanced Body-Sculpting Phase,WEEK 3,Monday (heavy lower),Dumbbell stiff-leg deadlift,4 or 5,3-5,2-3 min,Sets 1 & 2: RTF 1; Final Set: RTF 0
Advanced Body-Sculpting Phase,WEEK 3,Tuesday (heavy upper),Barbell chest press,5 or 6,3-5,2-3 min,Sets 1 & 2: RTF 1; Final Set: RTF 0
Advanced Body-Sculpting Phase,WEEK 3,Tuesday (heavy upper),Pull-up,5 or 6,3-5,2-3 min,Sets 1 & 2: RTF 1; Final Set: RTF 0
Advanced Body-Sculpting Phase,WEEK 3,Tuesday (heavy upper),Machine shoulder press,5 or 6,3-5,2-3 min,Sets 1 & 2: RTF 1; Final Set: RTF 0
Advanced Body-Sculpting Phase,WEEK 3,Tuesday (heavy upper),Barbell reverse bent row,5 or 6,3-5,2-3 min,Sets 1 & 2: RTF 1; Final Set: RTF 0
Advanced Body-Sculpting Phase,WEEK 3,Thursday (moderate lower and abs),Barbell front squat,3 or 4,8-12,90-120 sec,Sets 1 & 2: RTF 1; Final Set: RTF 0
Advanced Body-Sculpting Phase,WEEK 3,Thursday (moderate lower and abs),Bulgarian split squat,3 or 4,8-12,90-120 sec,Sets 1 & 2: RTF 1; Final Set: RTF 0
Advanced Body-Sculpting Phase,WEEK 3,Thursday (moderate lower and abs),Barbell hip thrust,3 or 4,8-12,90-120 sec,Sets 1 & 2: RTF 1; Final Set: RTF 0
Advanced Body-Sculpting Phase,WEEK 3,Thursday (moderate lower and abs),Hyperextension,3 or 4,8-12,90-120 sec,Sets 1 & 2: RTF 1; Final Set: RTF 0
Advanced Body-Sculpting Phase,WEEK 3,Thursday (moderate lower and abs),Lying leg curl,2 or 3,8-12,90-120 sec,Set 1: RTF 1; Final Set: RTF 0
Advanced Body-Sculpting Phase,WEEK 3,Thursday (moderate lower and abs),Machine standing calf raise,2 or 3,8-12,90-120 sec,Set 1: RTF 1; Final Set: RTF 0
Advanced Body-Sculpting Phase,WEEK 3,Thursday (moderate lower and abs),Barbell kneeling rollout,2 or 3,8-12,90-120 sec,Set 1: RTF 1; Final Set: RTF 0
Advanced Body-Sculpting Phase,WEEK 3,Thursday (moderate lower and abs),Cable side bend,2 or 3,8-12,90-120 sec,Set 1: RTF 1; Final Set: RTF 0
Advanced Body-Sculpting Phase,WEEK 3,Friday (moderate upper),Machine incline press,3 or 4,8-12,90-120 sec,Sets 1 & 2: RTF 1; Final Set: RTF 0
Advanced Body-Sculpting Phase,WEEK 3,Friday (moderate upper),Flat dumbbell fly,3 or 4,8-12,90-120 sec,Sets 1 & 2: RTF 1; Final Set: RTF 0
Advanced Body-Sculpting Phase,WEEK 3,Friday (moderate upper),Lat pull-down,3 or 4,8-12,90-120 sec,Sets 1 & 2: RTF 1; Final Set: RTF 0
Advanced Body-Sculpting Phase,WEEK 3,Friday (moderate upper),Cable wide-grip seated row,3 or 4,8-12,90-120 sec,Sets 1 & 2: RTF 1; Final Set: RTF 0
Advanced Body-Sculpting Phase,WEEK 3,Friday (moderate upper),Dumbbell shoulder press,3 or 4,8-12,90-120 sec,Sets 1 & 2: RTF 1; Final Set: RTF 0
Advanced Body-Sculpting Phase,WEEK 3,Friday (moderate upper),Cable lateral raise,3 or 4,8-12,90-120 sec,Sets 1 & 2: RTF 1; Final Set: RTF 0
Advanced Body-Sculpting Phase,WEEK 3,Friday (moderate upper),Barbell drag curl,2 or 3,8-12,90-120 sec,Set 1: RTF 1; Final Set: RTF 0
Advanced Body-Sculpting Phase,WEEK 3,Friday (moderate upper),Dumbbell prone incline curl,2 or 3,8-12,90-120 sec,Set 1: RTF 1; Final Set: RTF 0
Advanced Body-Sculpting Phase,WEEK 3,Friday (moderate upper),Machine overhead triceps extension,2 or 3,8-12,90-120 sec,Set 1: RTF 1; Final Set: RTF 0
Advanced Body-Sculpting Phase,WEEK 3,Friday (moderate upper),Triceps dip,2 or 3,8-12,90-120 sec,Set 1: RTF 1; Final Set: RTF 0
Advanced Body-Sculpting Phase,WEEK 3,Monday (light lower and abs),Dumbbell reverse lunge,2 or 3,15-25,30-60 sec,Set 1: RTF 1; Final Set: RTF 0
Advanced Body-Sculpting Phase,WEEK 3,Monday (light lower and abs),Single-leg extension,2 or 3,15-25,30-60 sec,Set 1: RTF 1; Final Set: RTF 0
Advanced Body-Sculpting Phase,WEEK 3,Monday (light lower and abs),Cable standing abduction,2 or 3,15-25,30-60 sec,Set 1: RTF 1; Final Set: RTF 0
Advanced Body-Sculpting Phase,WEEK 3,Monday (light lower and abs),Machine seated leg curl,2 or 3,15-25,30-60 sec,Set 1: RTF 1; Final Set: RTF 0
Advanced Body-Sculpting Phase,WEEK 3,Monday (light lower and abs),Reverse hyperextension,2 or 3,15-25,30-60 sec,Set 1: RTF 1; Final Set: RTF 0
Advanced Body-Sculpting Phase,WEEK 3,Monday (light lower and abs),Machine seated calf raise,2 or 3,15-25,30-60 sec,Set 1: RTF 1; Final Set: RTF 0
Advanced Body-Sculpting Phase,WEEK 3,Monday (light lower and abs),Toe press,2 or 3,15-25,30-60 sec,Set 1: RTF 1; Final Set: RTF 0
Advanced Body-Sculpting Phase,WEEK 3,Monday (light lower and abs),Reverse crunch,2 or 3,15-25,30-60 sec,Set 1: RTF 1; Final Set: RTF 0
Advanced Body-Sculpting Phase,WEEK 3,Monday (light lower and abs),Side bridge,2 or 3,15-25,30-60 sec,Set 1: RTF 1; Final Set: RTF 0
Advanced Body-Sculpting Phase,WEEK 3,Monday (light lower and abs),Dumbbell decline press,2 or 3,15-25,30-60 sec,Set 1: RTF 1; Final Set: RTF 0
Advanced Body-Sculpting Phase,WEEK 3,Monday (light lower and abs),Pec deck fly,2 or 3,15-25,30-60 sec,Set 1: RTF 1; Final Set: RTF 0
Advanced Body-Sculpting Phase,WEEK 3,Monday (light lower and abs),Cross cable pull-down,2 or 3,15-25,30-60 sec,Set 1: RTF 1; Final Set: RTF 0
Advanced Body-Sculpting Phase,WEEK 3,Monday (light lower and abs),Cable single-arm standing low row,2 or 3,15-25,30-60 sec,Set 1: RTF 1; Final Set: RTF 0
Advanced Body-Sculpting Phase,WEEK 3,Monday (light lower and abs),Dumbbell upright row,2 or 3,15-25,30-60 sec,Set 1: RTF 1; Final Set: RTF 0
Advanced Body-Sculpting Phase,WEEK 3,Monday (light lower and abs),Cable reverse fly,2 or 3,15-25,30-60 sec,Set 1: RTF 1; Final Set: RTF 0
Advanced Body-Sculpting Phase,WEEK 3,Monday (light lower and abs),Cable curl,2 or 3,15-25,30-60 sec,Set 1: RTF 1; Final Set: RTF 0
Advanced Body-Sculpting Phase,WEEK 3,Monday (light lower and abs),Barbell reverse curl,2 or 3,15-25,30-60 sec,Set 1: RTF 1; Final Set: RTF 0
Advanced Body-Sculpting Phase,WEEK 3,Monday (light lower and abs),Dumbbell overhead triceps extension,2 or 3,15-25,30-60 sec,Set 1: RTF 1; Final Set: RTF 0
Advanced Body-Sculpting Phase,WEEK 3,Monday (light lower and abs),Skull crusher,2 or 3,15-25,30-60 sec,Set 1: RTF 1; Final Set: RTF 0
Advanced Body-Sculpting Phase,WEEK 4,Deload (Monday/Thursday),Dumbbell chest press,2,15-20,2 min,RTF 3
Advanced Body-Sculpting Phase,WEEK 4,Deload (Monday/Thursday),Dumbbell single-arm row,2,15-20,2 min,RTF 3
Advanced Body-Sculpting Phase,WEEK 4,Deload (Monday/Thursday),Military press,2,15-20,2 min,RTF 3
Advanced Body-Sculpting Phase,WEEK 4,Deload (Monday/Thursday),Barbell back squat,2,15-20,2 min,RTF 3
Advanced Body-Sculpting Phase,WEEK 4,Deload (Monday/Thursday),Dumbbell lunge,2,15-20,2 min,RTF 3
Advanced Body-Sculpting Phase,WEEK 4,Deload (Monday/Thursday),Dumbbell stiff-leg deadlift,2,15-20,2 min,RTF 3
Advanced Body-Sculpting Phase,WEEK 1,Monday (heavy lower),Goblet squat,5 or 6,3-5,2-3 min,Sets 1 & 2: RTF 1; Final Set: RTF 0
Advanced Body-Sculpting Phase,WEEK 1,Monday (heavy lower),Deadlift,5 or 6,3-5,2-3 min,Sets 1 & 2: RTF 1; Final Set: RTF 0
Advanced Body-Sculpting Phase,WEEK 1,Monday (heavy lower),Leg press,5 or 6,3-5,2-3 min,Sets 1 & 2: RTF 1; Final Set: RTF 0
Advanced Body-Sculpting Phase,WEEK 1,Monday (heavy lower),Barbell glute bridge,4 or 5,3-5,2-3 min,Sets 1 & 2: RTF 1; Final Set: RTF 0
Advanced Body-Sculpting Phase,WEEK 1,Monday (heavy lower),Dumbbell stiff-leg deadlift,4 or 5,3-5,2-3 min,Sets 1 & 2: RTF 1; Final Set: RTF 0
Advanced Body-Sculpting Phase,WEEK 1,Tuesday (heavy upper),Barbell chest press,5 or 6,3-5,2-3 min,Sets 1 & 2: RTF 1; Final Set: RTF 0
Advanced Body-Sculpting Phase,WEEK 1,Tuesday (heavy upper),Pull-up,5 or 6,3-5,2-3 min,Sets 1 & 2: RTF 1; Final Set: RTF 0
Advanced Body-Sculpting Phase,WEEK 1,Tuesday (heavy upper),Machine shoulder press,5 or 6,3-5,2-3 min,Sets 1 & 2: RTF 1; Final Set: RTF 0
Advanced Body-Sculpting Phase,WEEK 1,Tuesday (heavy upper),Barbell reverse bent row,5 or 6,3-5,2-3 min,Sets 1 & 2: RTF 1; Final Set: RTF 0
Advanced Body-Sculpting Phase,WEEK 1,Thursday (moderate lower and abs),Barbell front squat,3 or 4,8-12,90-120 sec,Sets 1 & 2: RTF 1; Final Set: RTF 0
Advanced Body-Sculpting Phase,WEEK 1,Thursday (moderate lower and abs),Bulgarian split squat,3 or 4,8-12,90-120 sec,Sets 1 & 2: RTF 1; Final Set: RTF 0
Advanced Body-Sculpting Phase,WEEK 1,Thursday (moderate lower and abs),Barbell hip thrust,3 or 4,8-12,90-120 sec,Sets 1 & 2: RTF 1; Final Set: RTF 0
Advanced Body-Sculpting Phase,WEEK 1,Thursday (moderate lower and abs),Hyperextension,3 or 4,8-12,90-120 sec,Sets 1 & 2: RTF 1; Final Set: RTF 0
Advanced Body-Sculpting Phase,WEEK 1,Thursday (moderate lower and abs),Lying leg curl,2 or 3,8-12,90-120 sec,Set 1: RTF 1; Final Set: RTF 0
Advanced Body-Sculpting Phase,WEEK 1,Thursday (moderate lower and abs),Machine standing calf raise,2 or 3,8-12,90-120 sec,Set 1: RTF 1; Final Set: RTF 0
Advanced Body-Sculpting Phase,WEEK 1,Thursday (moderate lower and abs),Barbell kneeling rollout,2 or 3,8-12,90-120 sec,Set 1: RTF 1; Final Set: RTF 0
Advanced Body-Sculpting Phase,WEEK 1,Thursday (moderate lower and abs),Cable side bend,2 or 3,8-12,90-120 sec,Set 1: RTF 1; Final Set: RTF 0
Advanced Body-Sculpting Phase,WEEK 1,Friday (moderate upper),Machine incline press,3 or 4,8-12,90-120 sec,Sets 1 & 2: RTF 1; Final Set: RTF 0
Advanced Body-Sculpting Phase,WEEK 1,Friday (moderate upper),Flat dumbbell fly,3 or 4,8-12,90-120 sec,Sets 1 & 2: RTF 1; Final Set: RTF 0
Advanced Body-Sculpting Phase,WEEK 1,Friday (moderate upper),Lat pull-down,3 or 4,8-12,90-120 sec,Sets 1 & 2: RTF 1; Final Set: RTF 0
Advanced Body-Sculpting Phase,WEEK 1,Friday (moderate upper),Cable wide-grip seated row,3 or 4,8-12,90-120 sec,Sets 1 & 2: RTF 1; Final Set: RTF 0
Advanced Body-Sculpting Phase,WEEK 1,Friday (moderate upper),Dumbbell shoulder press,3 or 4,8-12,90-120 sec,Sets 1 & 2: RTF 1; Final Set: RTF 0
Advanced Body-Sculpting Phase,WEEK 1,Friday (moderate upper),Cable lateral raise,3 or 4,8-12,90-120 sec,Sets 1 & 2: RTF 1; Final Set: RTF 0
Advanced Body-Sculpting Phase,WEEK 1,Friday (moderate upper),Barbell drag curl,2 or 3,8-12,90-120 sec,Set 1: RTF 1; Final Set: RTF 0
Advanced Body-Sculpting Phase,WEEK 1,Friday (moderate upper),Dumbbell prone incline curl,2 or 3,8-12,90-120 sec,Set 1: RTF 1; Final Set: RTF 0
Advanced Body-Sculpting Phase,WEEK 1,Friday (moderate upper),Machine overhead triceps extension,2 or 3,8-12,90-120 sec,Set 1: RTF 1; Final Set: RTF 0
Advanced Body-Sculpting Phase,WEEK 1,Friday (moderate upper),Triceps dip,2 or 3,8-12,90-120 sec,Set 1: RTF 1; Final Set: RTF 0
Advanced Body-Sculpting Phase,WEEK 1,Monday (light lower and abs),Dumbbell reverse lunge,2 or 3,15-25,30-60 sec,Set 1: RTF 1; Final Set: RTF 0
Advanced Body-Sculpting Phase,WEEK 1,Monday (light lower and abs),Single-leg extension,2 or 3,15-25,30-60 sec,Set 1: RTF 1; Final Set: RTF 0
Advanced Body-Sculpting Phase,WEEK 1,Monday (light lower and abs),Cable standing abduction,2 or 3,15-25,30-60 sec,Set 1: RTF 1; Final Set: RTF 0
Advanced Body-Sculpting Phase,WEEK 1,Monday (light lower and abs),Machine seated leg curl,2 or 3,15-25,30-60 sec,Set 1: RTF 1; Final Set: RTF 0
Advanced Body-Sculpting Phase,WEEK 1,Monday (light lower and abs),Reverse hyperextension,2 or 3,15-25,30-60 sec,Set 1: RTF 1; Final Set: RTF 0
Advanced Body-Sculpting Phase,WEEK 1,Monday (light lower and abs),Machine seated calf raise,2 or 3,15-25,30-60 sec,Set 1: RTF 1; Final Set: RTF 0
Advanced Body-Sculpting Phase,WEEK 1,Monday (light lower and abs),Toe press,2 or 3,15-25,30-60 sec,Set 1: RTF 1; Final Set: RTF 0
Advanced Body-Sculpting Phase,WEEK 1,Monday (light lower and abs),Reverse crunch,2 or 3,15-25,30-60 sec,Set 1: RTF 1; Final Set: RTF 0
Advanced Body-Sculpting Phase,WEEK 1,Monday (light lower and abs),Side bridge,2 or 3,15-25,30-60 sec,Set 1: RTF 1; Final Set: RTF 0
Advanced Body-Sculpting Phase,WEEK 1,Monday (light lower and abs),Dumbbell decline press,2 or 3,15-25,30-60 sec,Set 1: RTF 1; Final Set: RTF 0
Advanced Body-Sculpting Phase,WEEK 1,Monday (light lower and abs),Pec deck fly,2 or 3,15-25,30-60 sec,Set 1: RTF 1; Final Set: RTF 0
Advanced Body-Sculpting Phase,WEEK 1,Monday (light lower and abs),Cross cable pull-down,2 or 3,15-25,30-60 sec,Set 1: RTF 1; Final Set: RTF 0
Advanced Body-Sculpting Phase,WEEK 1,Monday (light lower and abs),Cable single-arm standing low row,2 or 3,15-25,30-60 sec,Set 1: RTF 1; Final Set: RTF 0
Advanced Body-Sculpting Phase,WEEK 1,Monday (light lower and abs),Dumbbell upright row,2 or 3,15-25,30-60 sec,Set 1: RTF 1; Final Set: RTF 0
Advanced Body-Sculpting Phase,WEEK 1,Monday (light lower and abs),Cable reverse fly,2 or 3,15-25,30-60 sec,Set 1: RTF 1; Final Set: RTF 0
Advanced Body-Sculpting Phase,WEEK 1,Monday (light lower and abs),Cable curl,2 or 3,15-25,30-60 sec,Set 1: RTF 1; Final Set: RTF 0
Advanced Body-Sculpting Phase,WEEK 1,Monday (light lower and abs),Barbell reverse curl,2 or 3,15-25,30-60 sec,Set 1: RTF 1; Final Set: RTF 0
Advanced Body-Sculpting Phase,WEEK 1,Monday (light lower and abs),Dumbbell overhead triceps extension,2 or 3,15-25,30-60 sec,Set 1: RTF 1; Final Set: RTF 0
Advanced Body-Sculpting Phase,WEEK 1,Monday (light lower and abs),Skull crusher,2 or 3,15-25,30-60 sec,Set 1: RTF 1; Final Set: RTF 0
Advanced Body-Sculpting Phase,WEEK 2,Monday (heavy lower),Goblet squat,5 or 6,3-5,2-3 min,Sets 1 & 2: RTF 1; Final Set: RTF 0
Advanced Body-Sculpting Phase,WEEK 2,Monday (heavy lower),Deadlift,5 or 6,3-5,2-3 min,Sets 1 & 2: RTF 1; Final Set: RTF 0
Advanced Body-Sculpting Phase,WEEK 2,Monday (heavy lower),Leg press,5 or 6,3-5,2-3 min,Sets 1 & 2: RTF 1; Final Set: RTF 0
Advanced Body-Sculpting Phase,WEEK 2,Monday (heavy lower),Barbell glute bridge,4 or 5,3-5,2-3 min,Sets 1 & 2: RTF 1; Final Set: RTF 0
Advanced Body-Sculpting Phase,WEEK 2,Monday (heavy lower),Dumbbell stiff-leg deadlift,4 or 5,3-5,2-3 min,Sets 1 & 2: RTF 1; Final Set: RTF 0
Advanced Body-Sculpting Phase,WEEK 2,Tuesday (heavy upper),Barbell chest press,5 or 6,3-5,2-3 min,Sets 1 & 2: RTF 1; Final Set: RTF 0
Advanced Body-Sculpting Phase,WEEK 2,Tuesday (heavy upper),Pull-up,5 or 6,3-5,2-3 min,Sets 1 & 2: RTF 1; Final Set: RTF 0
Advanced Body-Sculpting Phase,WEEK 2,Tuesday (heavy upper),Machine shoulder press,5 or 6,3-5,2-3 min,Sets 1 & 2: RTF 1; Final Set: RTF 0
Advanced Body-Sculpting Phase,WEEK 2,Tuesday (heavy upper),Barbell reverse bent row,5 or 6,3-5,2-3 min,Sets 1 & 2: RTF 1; Final Set: RTF 0
Advanced Body-Sculpting Phase,WEEK 2,Thursday (moderate lower and abs),Barbell front squat,3 or 4,8-12,90-120 sec,Sets 1 & 2: RTF 1; Final Set: RTF 0
Advanced Body-Sculpting Phase,WEEK 2,Thursday (moderate lower and abs),Bulgarian split squat,3 or 4,8-12,90-120 sec,Sets 1 & 2: RTF 1; Final Set: RTF 0
Advanced Body-Sculpting Phase,WEEK 2,Thursday (moderate lower and abs),Barbell hip thrust,3 or 4,8-12,90-120 sec,Sets 1 & 2: RTF 1; Final Set: RTF 0
Advanced Body-Sculpting Phase,WEEK 2,Thursday (moderate lower and abs),Hyperextension,3 or 4,8-12,90-120 sec,Sets 1 & 2: RTF 1; Final Set: RTF 0
Advanced Body-Sculpting Phase,WEEK 2,Thursday (moderate lower and abs),Lying leg curl,2 or 3,8-12,90-120 sec,Set 1: RTF 1; Final Set: RTF 0
Advanced Body-Sculpting Phase,WEEK 2,Thursday (moderate lower and abs),Machine standing calf raise,2 or 3,8-12,90-120 sec,Set 1: RTF 1; Final Set: RTF 0
Advanced Body-Sculpting Phase,WEEK 2,Thursday (moderate lower and abs),Barbell kneeling rollout,2 or 3,8-12,90-120 sec,Set 1: RTF 1; Final Set: RTF 0
Advanced Body-Sculpting Phase,WEEK 2,Thursday (moderate lower and abs),Cable side bend,2 or 3,8-12,90-120 sec,Set 1: RTF 1; Final Set: RTF 0
Advanced Body-Sculpting Phase,WEEK 2,Friday (moderate upper),Machine incline press,3 or 4,8-12,90-120 sec,Sets 1 & 2: RTF 1; Final Set: RTF 0
Advanced Body-Sculpting Phase,WEEK 2,Friday (moderate upper),Flat dumbbell fly,3 or 4,8-12,90-120 sec,Sets 1 & 2: RTF 1; Final Set: RTF 0
Advanced Body-Sculpting Phase,WEEK 2,Friday (moderate upper),Lat pull-down,3 or 4,8-12,90-120 sec,Sets 1 & 2: RTF 1; Final Set: RTF 0
Advanced Body-Sculpting Phase,WEEK 2,Friday (moderate upper),Cable wide-grip seated row,3 or 4,8-12,90-120 sec,Sets 1 & 2: RTF 1; Final Set: RTF 0
Advanced Body-Sculpting Phase,WEEK 2,Friday (moderate upper),Dumbbell shoulder press,3 or 4,8-12,90-120 sec,Sets 1 & 2: RTF 1; Final Set: RTF 0
Advanced Body-Sculpting Phase,WEEK 2,Friday (moderate upper),Cable lateral raise,3 or 4,8-12,90-120 sec,Sets 1 & 2: RTF 1; Final Set: RTF 0
Advanced Body-Sculpting Phase,WEEK 2,Friday (moderate upper),Barbell drag curl,2 or 3,8-12,90-120 sec,Set 1: RTF 1; Final Set: RTF 0
Advanced Body-Sculpting Phase,WEEK 2,Friday (moderate upper),Dumbbell prone incline curl,2 or 3,8-12,90-120 sec,Set 1: RTF 1; Final Set: RTF 0
Advanced Body-Sculpting Phase,WEEK 2,Friday (moderate upper),Machine overhead triceps extension,2 or 3,8-12,90-120 sec,Set 1: RTF 1; Final Set: RTF 0
Advanced Body-Sculpting Phase,WEEK 2,Friday (moderate upper),Triceps dip,2 or 3,8-12,90-120 sec,Set 1: RTF 1; Final Set: RTF 0
Advanced Body-Sculpting Phase,WEEK 2,Monday (light lower and abs),Dumbbell reverse lunge,2 or 3,15-25,30-60 sec,Set 1: RTF 1; Final Set: RTF 0
Advanced Body-Sculpting Phase,WEEK 2,Monday (light lower and abs),Single-leg extension,2 or 3,15-25,30-60 sec,Set 1: RTF 1; Final Set: RTF 0
Advanced Body-Sculpting Phase,WEEK 2,Monday (light lower and abs),Cable standing abduction,2 or 3,15-25,30-60 sec,Set 1: RTF 1; Final Set: RTF 0
Advanced Body-Sculpting Phase,WEEK 2,Monday (light lower and abs),Machine seated leg curl,2 or 3,15-25,30-60 sec,Set 1: RTF 1; Final Set: RTF 0
Advanced Body-Sculpting Phase,WEEK 2,Monday (light lower and abs),Reverse hyperextension,2 or 3,15-25,30-60 sec,Set 1: RTF 1; Final Set: RTF 0
Advanced Body-Sculpting Phase,WEEK 2,Monday (light lower and abs),Machine seated calf raise,2 or 3,15-25,30-60 sec,Set 1: RTF 1; Final Set: RTF 0
Advanced Body-Sculpting Phase,WEEK 2,Monday (light lower and abs),Toe press,2 or 3,15-25,30-60 sec,Set 1: RTF 1; Final Set: RTF 0
Advanced Body-Sculpting Phase,WEEK 2,Monday (light lower and abs),Reverse crunch,2 or 3,15-25,30-60 sec,Set 1: RTF 1; Final Set: RTF 0
Advanced Body-Sculpting Phase,WEEK 2,Monday (light lower and abs),Side bridge,2 or 3,15-25,30-60 sec,Set 1: RTF 1; Final Set: RTF 0
Advanced Body-Sculpting Phase,WEEK 2,Monday (light lower and abs),Dumbbell decline press,2 or 3,15-25,30-60 sec,Set 1: RTF 1; Final Set: RTF 0
Advanced Body-Sculpting Phase,WEEK 2,Monday (light lower and abs),Pec deck fly,2 or 3,15-25,30-60 sec,Set 1: RTF 1; Final Set: RTF 0
Advanced Body-Sculpting Phase,WEEK 2,Monday (light lower and abs),Cross cable pull-down,2 or 3,15-25,30-60 sec,Set 1: RTF 1; Final Set: RTF 0
Advanced Body-Sculpting Phase,WEEK 2,Monday (light lower and abs),Cable single-arm standing low row,2 or 3,15-25,30-60 sec,Set 1: RTF 1; Final Set: RTF 0
Advanced Body-Sculpting Phase,WEEK 2,Monday (light lower and abs),Dumbbell upright row,2 or 3,15-25,30-60 sec,Set 1: RTF 1; Final Set: RTF 0
Advanced Body-Sculpting Phase,WEEK 2,Monday (light lower and abs),Cable reverse fly,2 or 3,15-25,30-60 sec,Set 1: RTF 1; Final Set: RTF 0
Advanced Body-Sculpting Phase,WEEK 2,Monday (light lower and abs),Cable curl,2 or 3,15-25,30-60 sec,Set 1: RTF 1; Final Set: RTF 0
Advanced Body-Sculpting Phase,WEEK 2,Monday (light lower and abs),Barbell reverse curl,2 or 3,15-25,30-60 sec,Set 1: RTF 1; Final Set: RTF 0
Advanced Body-Sculpting Phase,WEEK 2,Monday (light lower and abs),Dumbbell overhead triceps extension,2 or 3,15-25,30-60 sec,Set 1: RTF 1; Final Set: RTF 0
Advanced Body-Sculpting Phase,WEEK 2,Monday (light lower and abs),Skull crusher,2 or 3,15-25,30-60 sec,Set 1: RTF 1; Final Set: RTF 0
Advanced Body-Sculpting Phase,WEEK 3,Monday (heavy lower),Goblet squat,5 or 6,3-5,2-3 min,Sets 1 & 2: RTF 1; Final Set: RTF 0
Advanced Body-Sculpting Phase,WEEK 3,Monday (heavy lower),Deadlift,5 or 6,3-5,2-3 min,Sets 1 & 2: RTF 1; Final Set: RTF 0
Advanced Body-Sculpting Phase,WEEK 3,Monday (heavy lower),Leg press,5 or 6,3-5,2-3 min,Sets 1 & 2: RTF 1; Final Set: RTF 0
Advanced Body-Sculpting Phase,WEEK 3,Monday (heavy lower),Barbell glute bridge,4 or 5,3-5,2-3 min,Sets 1 & 2: RTF 1; Final Set: RTF 0
Advanced Body-Sculpting Phase,WEEK 3,Monday (heavy lower),Dumbbell stiff-leg deadlift,4 or 5,3-5,2-3 min,Sets 1 & 2: RTF 1; Final Set: RTF 0
Advanced Body-Sculpting Phase,WEEK 3,Tuesday (heavy upper),Barbell chest press,5 or 6,3-5,2-3 min,Sets 1 & 2: RTF 1; Final Set: RTF 0
Advanced Body-Sculpting Phase,WEEK 3,Tuesday (heavy upper),Pull-up,5 or 6,3-5,2-3 min,Sets 1 & 2: RTF 1; Final Set: RTF 0
Advanced Body-Sculpting Phase,WEEK 3,Tuesday (heavy upper),Machine shoulder press,5 or 6,3-5,2-3 min,Sets 1 & 2: RTF 1; Final Set: RTF 0
Advanced Body-Sculpting Phase,WEEK 3,Tuesday (heavy upper),Barbell reverse bent row,5 or 6,3-5,2-3 min,Sets 1 & 2: RTF 1; Final Set: RTF 0
Advanced Body-Sculpting Phase,WEEK 3,Thursday (moderate lower and abs),Barbell front squat,3 or 4,8-12,90-120 sec,Sets 1 & 2: RTF 1; Final Set: RTF 0
Advanced Body-Sculpting Phase,WEEK 3,Thursday (moderate lower and abs),Bulgarian split squat,3 or 4,8-12,90-120 sec,Sets 1 & 2: RTF 1; Final Set: RTF 0
Advanced Body-Sculpting Phase,WEEK 3,Thursday (moderate lower and abs),Barbell hip thrust,3 or 4,8-12,90-120 sec,Sets 1 & 2: RTF 1; Final Set: RTF 0
Advanced Body-Sculpting Phase,WEEK 3,Thursday (moderate lower and abs),Hyperextension,3 or 4,8-12,90-120 sec,Sets 1 & 2: RTF 1; Final Set: RTF 0
Advanced Body-Sculpting Phase,WEEK 3,Thursday (moderate lower and abs),Lying leg curl,2 or 3,8-12,90-120 sec,Set 1: RTF 1; Final Set: RTF 0
Advanced Body-Sculpting Phase,WEEK 3,Thursday (moderate lower and abs),Machine standing calf raise,2 or 3,8-12,90-120 sec,Set 1: RTF 1; Final Set: RTF 0
Advanced Body-Sculpting Phase,WEEK 3,Thursday (moderate lower and abs),Barbell kneeling rollout,2 or 3,8-12,90-120 sec,Set 1: RTF 1; Final Set: RTF 0
Advanced Body-Sculpting Phase,WEEK 3,Thursday (moderate lower and abs),Cable side bend,2 or 3,8-12,90-120 sec,Set 1: RTF 1; Final Set: RTF 0
Advanced Body-Sculpting Phase,WEEK 3,Friday (moderate upper),Machine incline press,3 or 4,8-12,90-120 sec,Sets 1 & 2: RTF 1; Final Set: RTF 0
Advanced Body-Sculpting Phase,WEEK 3,Friday (moderate upper),Flat dumbbell fly,3 or 4,8-12,90-120 sec,Sets 1 & 2: RTF 1; Final Set: RTF 0
Advanced Body-Sculpting Phase,WEEK 3,Friday (moderate upper),Lat pull-down,3 or 4,8-12,90-120 sec,Sets 1 & 2: RTF 1; Final Set: RTF 0
Advanced Body-Sculpting Phase,WEEK 3,Friday (moderate upper),Cable wide-grip seated row,3 or 4,8-12,90-120 sec,Sets 1 & 2: RTF 1; Final Set: RTF 0
Advanced Body-Sculpting Phase,WEEK 3,Friday (moderate upper),Dumbbell shoulder press,3 or 4,8-12,90-120 sec,Sets 1 & 2: RTF 1; Final Set: RTF 0
Advanced Body-Sculpting Phase,WEEK 3,Friday (moderate upper),Cable lateral raise,3 or 4,8-12,90-120 sec,Sets 1 & 2: RTF 1; Final Set: RTF 0
Advanced Body-Sculpting Phase,WEEK 3,Friday (moderate upper),Barbell drag curl,2 or 3,8-12,90-120 sec,Set 1: RTF 1; Final Set: RTF 0
Advanced Body-Sculpting Phase,WEEK 3,Friday (moderate upper),Dumbbell prone incline curl,2 or 3,8-12,90-120 sec,Set 1: RTF 1; Final Set: RTF 0
Advanced Body-Sculpting Phase,WEEK 3,Friday (moderate upper),Machine overhead triceps extension,2 or 3,8-12,90-120 sec,Set 1: RTF 1; Final Set: RTF 0
Advanced Body-Sculpting Phase,WEEK 3,Friday (moderate upper),Triceps dip,2 or 3,8-12,90-120 sec,Set 1: RTF 1; Final Set: RTF 0
Advanced Body-Sculpting Phase,WEEK 3,Monday (light lower and abs),Dumbbell reverse lunge,2 or 3,15-25,30-60 sec,Set 1: RTF 1; Final Set: RTF 0
Advanced Body-Sculpting Phase,WEEK 3,Monday (light lower and abs),Single-leg extension,2 or 3,15-25,30-60 sec,Set 1: RTF 1; Final Set: RTF 0
Advanced Body-Sculpting Phase,WEEK 3,Monday (light lower and abs),Cable standing abduction,2 or 3,15-25,30-60 sec,Set 1: RTF 1; Final Set: RTF 0
Advanced Body-Sculpting Phase,WEEK 3,Monday (light lower and abs),Machine seated leg curl,2 or 3,15-25,30-60 sec,Set 1: RTF 1; Final Set: RTF 0
Advanced Body-Sculpting Phase,WEEK 3,Monday (light lower and abs),Reverse hyperextension,2 or 3,15-25,30-60 sec,Set 1: RTF 1; Final Set: RTF 0
Advanced Body-Sculpting Phase,WEEK 3,Monday (light lower and abs),Machine seated calf raise,2 or 3,15-25,30-60 sec,Set 1: RTF 1; Final Set: RTF 0
Advanced Body-Sculpting Phase,WEEK 3,Monday (light lower and abs),Toe press,2 or 3,15-25,30-60 sec,Set 1: RTF 1; Final Set: RTF 0
Advanced Body-Sculpting Phase,WEEK 3,Monday (light lower and abs),Reverse crunch,2 or 3,15-25,30-60 sec,Set 1: RTF 1; Final Set: RTF 0
Advanced Body-Sculpting Phase,WEEK 3,Monday (light lower and abs),Side bridge,2 or 3,15-25,30-60 sec,Set 1: RTF 1; Final Set: RTF 0
Advanced Body-Sculpting Phase,WEEK 3,Monday (light lower and abs),Dumbbell decline press,2 or 3,15-25,30-60 sec,Set 1: RTF 1; Final Set: RTF 0
Advanced Body-Sculpting Phase,WEEK 3,Monday (light lower and abs),Pec deck fly,2 or 3,15-25,30-60 sec,Set 1: RTF 1; Final Set: RTF 0
Advanced Body-Sculpting Phase,WEEK 3,Monday (light lower and abs),Cross cable pull-down,2 or 3,15-25,30-60 sec,Set 1: RTF 1; Final Set: RTF 0
Advanced Body-Sculpting Phase,WEEK 3,Monday (light lower and abs),Cable single-arm standing low row,2 or 3,15-25,30-60 sec,Set 1: RTF 1; Final Set: RTF 0
Advanced Body-Sculpting Phase,WEEK 3,Monday (light lower and abs),Dumbbell upright row,2 or 3,15-25,30-60 sec,Set 1: RTF 1; Final Set: RTF 0
Advanced Body-Sculpting Phase,WEEK 3,Monday (light lower and abs),Cable reverse fly,2 or 3,15-25,30-60 sec,Set 1: RTF 1; Final Set: RTF 0
Advanced Body-Sculpting Phase,WEEK 3,Monday (light lower and abs),Cable curl,2 or 3,15-25,30-60 sec,Set 1: RTF 1; Final Set: RTF 0
Advanced Body-Sculpting Phase,WEEK 3,Monday (light lower and abs),Barbell reverse curl,2 or 3,15-25,30-60 sec,Set 1: RTF 1; Final Set: RTF 0
Advanced Body-Sculpting Phase,WEEK 3,Monday (light lower and abs),Dumbbell overhead triceps extension,2 or 3,15-25,30-60 sec,Set 1: RTF 1; Final Set: RTF 0
Advanced Body-Sculpting Phase,WEEK 3,Monday (light lower and abs),Skull crusher,2 or 3,15-25,30-60 sec,Set 1: RTF 1; Final Set: RTF 0
Advanced Body-Sculpting Phase,WEEK 4,Deload (Monday/Thursday),Dumbbell chest press,2,15-20,2 min,RTF 3
Advanced Body-Sculpting Phase,WEEK 4,Deload (Monday/Thursday),Dumbbell single-arm row,2,15-20,2 min,RTF 3
Advanced Body-Sculpting Phase,WEEK 4,Deload (Monday/Thursday),Military press,2,15-20,2 min,RTF 3
Advanced Body-Sculpting Phase,WEEK 4,Deload (Monday/Thursday),Barbell back squat,2,15-20,2 min,RTF 3
Advanced Body-Sculpting Phase,WEEK 4,Deload (Monday/Thursday),Dumbbell lunge,2,15-20,2 min,RTF 3
Advanced Body-Sculpting Phase,WEEK 4,Deload (Monday/Thursday),Dumbbell stiff-leg deadlift,2,15-20,2 min,RTF 3
,,,,,,,
,,,,,,,
,,,,,,,
Peak Physique Phase,Section,Body region,Sets,Repetitions,Rest interval,Intensity of Effort,
Peak Physique Phase,Summary,"Monday (Back, chest, abs)",3 or 4,6-12,90-120 sec,"Weeks 1-2: All sets except final RTF 1, Final set RTF 0; Week 3: All sets RTF 0",
Peak Physique Phase,Summary,Tuesday (Lower body),3 or 4,6-12,90-120 sec,"Weeks 1-2: All sets except final RTF 1, Final set RTF 0; Week 3: All sets RTF 0",
Peak Physique Phase,Summary,"Wednesday (Shoulders, arms)",2-4,6-12,90-120 sec,"Weeks 1-2: All sets except final RTF 1, Final set RTF 0; Week 3: All sets RTF 0",
Peak Physique Phase,Summary,Thursday (Off),N/A,N/A,N/A,N/A,
Peak Physique Phase,Summary,"Friday (Back, chest, abs)",3 or 4,6-12,90-120 sec,"Weeks 1-2: All sets except final RTF 1, Final set RTF 0; Week 3: All sets RTF 0",
Peak Physique Phase,Summary,Saturday (Lower body),3 or 4,6-12,90-120 sec,"Weeks 1-2: All sets except final RTF 1, Final set RTF 0; Week 3: All sets RTF 0",
Peak Physique Phase,Summary,"Sunday (Shoulders, arms)",2-4,6-12,90-120 sec,"Weeks 1-2: All sets except final RTF 1, Final set RTF 0; Week 3: All sets RTF 0",
,,,,,,,
Peak Physique Phase,Week,Day,Exercise,Sets,Repetitions,Rest interval,Intensity of Effort
Peak Physique Phase,WEEK 1,"Monday/Friday (back, chest, abs)",Reverse-grip lat pull-down,4,10-12,90-120 sec,"All sets except final RTF 1, Final set RTF 0"
Peak Physique Phase,WEEK 1,"Monday/Friday (back, chest, abs)",Machine seated row,4,10-12,90-120 sec,"All sets except final RTF 1, Final set RTF 0"
Peak Physique Phase,WEEK 1,"Monday/Friday (back, chest, abs)",Dumbbell pullover,3,10-12,90-120 sec,"All sets except final RTF 1, Final set RTF 0"
Peak Physique Phase,WEEK 1,"Monday/Friday (back, chest, abs)",Dumbbell incline press,4,10-12,90-120 sec,"All sets except final RTF 1, Final set RTF 0"
Peak Physique Phase,WEEK 1,"Monday/Friday (back, chest, abs)",Barbell decline press,3,10-12,90-120 sec,"All sets except final RTF 1, Final set RTF 0"
Peak Physique Phase,WEEK 1,"Monday/Friday (back, chest, abs)",Mid cable fly,3,10-12,90-120 sec,"All sets except final RTF 1, Final set RTF 0"
Peak Physique Phase,WEEK 1,"Monday/Friday (back, chest, abs)",Hanging knee raise,3,10-12,90-120 sec,"All sets except final RTF 1, Final set RTF 0"
Peak Physique Phase,WEEK 1,"Monday/Friday (back, chest, abs)",Bicycle crunch,3,10-12,90-120 sec,"All sets except final RTF 1, Final set RTF 0"
Peak Physique Phase,WEEK 1,Tuesday/Saturday (lower body),Barbell front squat,4,10-12,90-120 sec,"All sets except final RTF 1, Final set RTF 0"
Peak Physique Phase,WEEK 1,Tuesday/Saturday (lower body),Dumbbell side lunge,4,10-12,90-120 sec,"All sets except final RTF 1, Final set RTF 0"
Peak Physique Phase,WEEK 1,Tuesday/Saturday (lower body),Sissy squat,3,10-12,90-120 sec,"All sets except final RTF 1, Final set RTF 0"
Peak Physique Phase,WEEK 1,Tuesday/Saturday (lower body),Good morning,4,10-12,90-120 sec,"All sets except final RTF 1, Final set RTF 0"
Peak Physique Phase,WEEK 1,Tuesday/Saturday (lower body),Stability ball leg curl,4,10-12,90-120 sec,"All sets except final RTF 1, Final set RTF 0"
Peak Physique Phase,WEEK 1,Tuesday/Saturday (lower body),Dumbbell single-leg standing calf raise,4,10-12,90-120 sec,"All sets except final RTF 1, Final set RTF 0"
Peak Physique Phase,WEEK 1,Tuesday/Saturday (lower body),Machine seated calf raise,3,10-12,90-120 sec,"All sets except final RTF 1, Final set RTF 0"
Peak Physique Phase,WEEK 1,"Wednesday/Sunday (shoulders, arms)",Dumbbell shoulder press,4,10-12,90-120 sec,"All sets except final RTF 1, Final set RTF 0"
Peak Physique Phase,WEEK 1,"Wednesday/Sunday (shoulders, arms)",Cable lateral raise,3,10-12,90-120 sec,"All sets except final RTF 1, Final set RTF 0"
Peak Physique Phase,WEEK 1,"Wednesday/Sunday (shoulders, arms)",Machine rear deltoid fly,3,10-12,90-120 sec,"All sets except final RTF 1, Final set RTF 0"
Peak Physique Phase,WEEK 1,"Wednesday/Sunday (shoulders, arms)",Dumbbell biceps curl,3,10-12,90-120 sec,"All sets except final RTF 1, Final set RTF 0"
Peak Physique Phase,WEEK 1,"Wednesday/Sunday (shoulders, arms)",Cable rope hammer curl,3,10-12,90-120 sec,"All sets except final RTF 1, Final set RTF 0"
Peak Physique Phase,WEEK 1,"Wednesday/Sunday (shoulders, arms)",Cable rope overhead triceps extension,3,10-12,90-120 sec,"All sets except final RTF 1, Final set RTF 0"
Peak Physique Phase,WEEK 1,"Wednesday/Sunday (shoulders, arms)",Dumbbell triceps kickback,2,10-12,90-120 sec,"All sets except final RTF 1, Final set RTF 0"
Peak Physique Phase,WEEK 1,"Wednesday/Sunday (shoulders, arms)",Close-grip bench press,2,10-12,90-120 sec,"All sets except final RTF 1, Final set RTF 0"
Peak Physique Phase,WEEK 2,"Monday/Friday (back, chest, abs)",Lat pull-down,4,8-10,90-120 sec,"All sets except final RTF 1, Final set RTF 0"
Peak Physique Phase,WEEK 2,"Monday/Friday (back, chest, abs)",T-bar row,4,8-10,90-120 sec,"All sets except final RTF 1, Final set RTF 0"
Peak Physique Phase,WEEK 2,"Monday/Friday (back, chest, abs)",Cable straight-arm pulldown,3,8-10,90-120 sec,"All sets except final RTF 1, Final set RTF 0"
Peak Physique Phase,WEEK 2,"Monday/Friday (back, chest, abs)",Machine incline press,4,8-10,90-120 sec,"All sets except final RTF 1, Final set RTF 0"
Peak Physique Phase,WEEK 2,"Monday/Friday (back, chest, abs)",Dumbbell decline press,3,8-10,90-120 sec,"All sets except final RTF 1, Final set RTF 0"
Peak Physique Phase,WEEK 2,"Monday/Friday (back, chest, abs)",Low cable fly,3,8-10,90-120 sec,"All sets except final RTF 1, Final set RTF 0"
Peak Physique Phase,WEEK 2,"Monday/Friday (back, chest, abs)",Crunch,3,8-10,90-120 sec,"All sets except final RTF 1, Final set RTF 0"
Peak Physique Phase,WEEK 2,"Monday/Friday (back, chest, abs)",Stability ball side crunch,3,8-10,90-120 sec,"All sets except final RTF 1, Final set RTF 0"
Peak Physique Phase,WEEK 2,Tuesday/Saturday (lower body),Leg press,4,8-10,90-120 sec,"All sets except final RTF 1, Final set RTF 0"
Peak Physique Phase,WEEK 2,Tuesday/Saturday (lower body),Dumbbell step-up,4,8-10,90-120 sec,"All sets except final RTF 1, Final set RTF 0"
Peak Physique Phase,WEEK 2,Tuesday/Saturday (lower body),Single-leg extension,3,8-10,90-120 sec,"All sets except final RTF 1, Final set RTF 0"
Peak Physique Phase,WEEK 2,Tuesday/Saturday (lower body),Barbell hip thrust,4,8-10,90-120 sec,"All sets except final RTF 1, Final set RTF 0"
Peak Physique Phase,WEEK 2,Tuesday/Saturday (lower body),Machine kneeling leg curl,4,8-10,90-120 sec,"All sets except final RTF 1, Final set RTF 0"
Peak Physique Phase,WEEK 2,Tuesday/Saturday (lower body),Toe press,3,8-10,90-120 sec,"All sets except final RTF 1, Final set RTF 0"
Peak Physique Phase,WEEK 2,Tuesday/Saturday (lower body),Machine single-leg seated calf raise,3,8-10,90-120 sec,"All sets except final RTF 1, Final set RTF 0"
Peak Physique Phase,WEEK 2,"Wednesday/Sunday (shoulders, arms)",Cable upright row,4,8-10,90-120 sec,"All sets except final RTF 1, Final set RTF 0"
Peak Physique Phase,WEEK 2,"Wednesday/Sunday (shoulders, arms)",Dumbbell lateral raise,4,8-10,90-120 sec,"All sets except final RTF 1, Final set RTF 0"
Peak Physique Phase,WEEK 2,"Wednesday/Sunday (shoulders, arms)",Cable kneeling bent reverse fly,3,8-10,90-120 sec,"All sets except final RTF 1, Final set RTF 0"
Peak Physique Phase,WEEK 2,"Wednesday/Sunday (shoulders, arms)",Barbell curl,2,8-10,90-120 sec,"All sets except final RTF 1, Final set RTF 0"
Peak Physique Phase,WEEK 2,"Wednesday/Sunday (shoulders, arms)",Concentration curl,2,8-10,90-120 sec,"All sets except final RTF 1, Final set RTF 0"
Peak Physique Phase,WEEK 2,"Wednesday/Sunday (shoulders, arms)",Dumbbell hammer curl,2,8-10,90-120 sec,"All sets except final RTF 1, Final set RTF 0"
Peak Physique Phase,WEEK 2,"Wednesday/Sunday (shoulders, arms)",Machine overhead triceps extension,3,8-10,90-120 sec,"All sets except final RTF 1, Final set RTF 0"
Peak Physique Phase,WEEK 2,"Wednesday/Sunday (shoulders, arms)",Dumbbell lying triceps extension,3,8-10,90-120 sec,"All sets except final RTF 1, Final set RTF 0"
Peak Physique Phase,WEEK 3,"Monday/Friday (back, chest, abs)",Chin-up,4,6-8,90-120 sec,All sets RTF 0
Peak Physique Phase,WEEK 3,"Monday/Friday (back, chest, abs)",Machine wide-grip seated row,4,6-8,90-120 sec,All sets RTF 0
Peak Physique Phase,WEEK 3,"Monday/Friday (back, chest, abs)",Dumbbell pullover,3,6-8,90-120 sec,All sets RTF 0
Peak Physique Phase,WEEK 3,"Monday/Friday (back, chest, abs)",Barbell incline press,4,6-8,90-120 sec,All sets RTF 0
Peak Physique Phase,WEEK 3,"Monday/Friday (back, chest, abs)",Machine chest press,3,6-8,90-120 sec,All sets RTF 0
Peak Physique Phase,WEEK 3,"Monday/Friday (back, chest, abs)",Dumbbell incline fly,3,6-8,90-120 sec,All sets RTF 0
Peak Physique Phase,WEEK 3,"Monday/Friday (back, chest, abs)",Cable kneeling rope crunch,3,6-8,90-120 sec,All sets RTF 0
Peak Physique Phase,WEEK 3,"Monday/Friday (back, chest, abs)",Antirotation press,3,6-8,90-120 sec,All sets RTF 0
Peak Physique Phase,WEEK 3,Tuesday/Saturday (lower body),Barbell back squat,4,6-8,90-120 sec,All sets RTF 0
Peak Physique Phase,WEEK 3,Tuesday/Saturday (lower body),Dumbbell lunge,4,6-8,90-120 sec,All sets RTF 0
Peak Physique Phase,WEEK 3,Tuesday/Saturday (lower body),Leg extension,3,6-8,90-120 sec,All sets RTF 0
Peak Physique Phase,WEEK 3,Tuesday/Saturday (lower body),Barbell stiff-leg deadlift,4,6-8,90-120 sec,All sets RTF 0
Peak Physique Phase,WEEK 3,Tuesday/Saturday (lower body),Machine seated leg curl,3,6-8,90-120 sec,All sets RTF 0
Peak Physique Phase,WEEK 3,Tuesday/Saturday (lower body),Machine standing calf raise,3,6-8,90-120 sec,All sets RTF 0
Peak Physique Phase,WEEK 3,Tuesday/Saturday (lower body),Machine seated calf raise,3,6-8,90-120 sec,All sets RTF 0
Peak Physique Phase,WEEK 3,"Wednesday/Sunday (shoulders, arms)",Military press,3,6-8,90-120 sec,All sets RTF 0
Peak Physique Phase,WEEK 3,"Wednesday/Sunday (shoulders, arms)",Machine lateral raise,4,6-8,90-120 sec,All sets RTF 0
Peak Physique Phase,WEEK 3,"Wednesday/Sunday (shoulders, arms)",Dumbbell seated bent reverse fly,3,6-8,90-120 sec,All sets RTF 0
Peak Physique Phase,WEEK 3,"Wednesday/Sunday (shoulders, arms)",Dumbbell incline biceps curl,3,6-8,90-120 sec,All sets RTF 0
Peak Physique Phase,WEEK 3,"Wednesday/Sunday (shoulders, arms)",High-pulley cable curl,3,6-8,90-120 sec,All sets RTF 0
Peak Physique Phase,WEEK 3,"Wednesday/Sunday (shoulders, arms)",Dumbbell overhead triceps extension,3,6-8,90-120 sec,All sets RTF 0
Peak Physique Phase,WEEK 3,"Wednesday/Sunday (shoulders, arms)",Cable triceps press-down,2,6-8,90-120 sec,All sets RTF 0
Peak Physique Phase,WEEK 3,"Wednesday/Sunday (shoulders, arms)",Skull crusher,2,6-8,90-120 sec,All sets RTF 0
Peak Physique Phase,WEEK 4,Deload (Monday/Thursday),Dumbbell chest press,2,15-20,2 min,RTF 3
Peak Physique Phase,WEEK 4,Deload (Monday/Thursday),Dumbbell single-arm row,2,15-20,2 min,RTF 3
Peak Physique Phase,WEEK 4,Deload (Monday/Thursday),Military press,2,15-20,2 min,RTF 3
Peak Physique Phase,WEEK 4,Deload (Monday/Thursday),Barbell back squat,2,15-20,2 min,RTF 3
Peak Physique Phase,WEEK 4,Deload (Monday/Thursday),Dumbbell lunge,2,15-20,2 min,RTF 3
Peak Physique Phase,WEEK 4,Deload (Monday/Thursday),Dumbbell stiff-leg deadlift,2,15-20,2 min,RTF 3
